47064,E1
229591,C3
433572,B3
630067,C2
605132,D1
389922,F
493321,D1
16259,E2
363959,C3
572474,C1
38860,C2
577874,D1
609001,E1
335883,E2
64172,B2
486882,C2
331219,E1
402999,D1
305753,E2
3176,B2
637572,E2
355886,C2
284045,C3
532327,B3
239816,C1
309930,C3
506629,E1
136812,D1
442828,D1
172828,C3
476071,C1
230239,D1
384145,C3
638545,C1
620734,D1
79339,D1
575185,B3
637132,D1
547532,C3
502615,C1
35809,C2
76240,C3
633645,C3
593517,D1
556096,D1
553368,C2
545705,C3
90064,C2
474810,C3
308708,F
219128,C3
547348,D1
573881,D1
40020,D1
374886,E1
277084,E2
649368,E2
446159,C3
512227,D1
346525,E2
244402,D1
550057,B3
661736,D1
91722,D1
375477,C3
95528,B3
571,B3
658947,B2
531646,C2
173332,E1
319297,B3
326788,C2
140989,D1
663419,D1
142100,B3
360074,E2
397880,C2
606100,D1
174050,E1
48710,C3
187415,E1
210694,C1
221405,D1
212735,F
245412,C3
432551,C1
42133,C2
72713,C1
586911,C3
283876,C1
465739,C3
356270,B3
260958,C1
286519,C2
320114,C3
409017,E1
326108,E1
312777,D1
579780,C3
84835,B1
395047,C1
457321,C1
388761,C3
74390,C1
566215,G
349478,D1
521874,D1
530234,D1
508021,B3
40704,D1
297462,D1
395416,E1
136486,D1
482926,D1
501537,D1
558630,D1
467550,C2
277653,C2
251192,C3
337109,C2
636537,B3
606945,B1
167819,C1
581119,D1
99856,C2
450577,B1
318737,D1
174170,E2
216796,B1
111339,B2
597224,E1
634460,D1
523301,D1
580384,C2
269274,C2
207123,D1
371300,E2
246817,D1
507777,E1
395840,C1
595975,A3
293330,D1
1978,B1
62539,C3
78819,C3
208403,D1
131295,C1
147248,B2
215610,E1
293669,C2
344379,D1
66440,D1
101421,C3
588820,C2
547743,C1
430251,C1
24637,B2
338123,C1
281851,C3
607642,A2
424100,D1
41589,C1
547355,B1
482121,B3
437945,C1
258224,E2
196651,D1
257460,C3
426594,A3
256198,B1
565560,B3
77511,C3
30858,B1
288194,C3
104821,C2
651367,C1
549376,C2
169820,C2
559627,C2
391163,D1
215804,D1
139592,D1
178376,D1
560288,E1
143076,C3
158838,B3
656249,D1
572361,F
272633,D1
145356,D1
214491,D1
364501,D1
198387,C3
69771,C2
210686,D1
337567,C1
371694,D1
305023,F
14603,D1
435336,C3
312884,E2
452133,D1
57189,D1
415922,D1
635882,D1
352260,D1
235828,C2
59794,D1
173407,C1
416860,C1
113494,B3
653929,E1
545545,C2
356166,C2
327525,E2
384571,E2
262863,C1
361779,C2
175794,B3
33419,C3
513264,E2
246636,D1
52455,C1
228592,F
170293,C1
592006,B1
476155,D1
136558,E1
172754,C2
311731,C1
658593,B1
67469,F
602138,C1
610941,C3
130392,E1
279437,E1
106722,B2
271234,D1
263310,C3
80855,B1
109894,D1
82141,D1
514933,F
620967,C2
232372,C1
542192,D1
438306,C3
281639,D1
57859,D1
226463,C2
485809,D1
117645,D1
536213,D1
125046,D1
317684,B3
457961,C1
345594,C1
171661,C3
461898,B3
148191,C1
19653,C2
436416,C3
617609,D1
34978,B1
538864,C3
28044,C3
627685,C3
467865,D1
55977,B2
602066,C2
480634,C1
562178,D1
348969,D1
658168,F
637065,D1
336596,C1
263822,E1
101883,E1
335641,C2
157339,D1
19664,E2
207130,C3
565162,E1
557389,C3
119267,C2
230635,C2
390452,D1
42888,C1
320997,C1
142799,E1
615155,F
657250,B1
165976,C3
127088,C3
202806,C3
527201,C2
50451,C1
134517,D1
620963,D1
635607,C1
360424,D1
618771,C1
223076,E1
385365,C2
258618,E1
194928,C3
556892,C1
273628,C1
119716,C2
579057,D1
579589,C1
156555,C3
325943,E1
78471,C1
422568,C2
185604,E2
174854,C3
390401,D1
243186,D1
155698,C1
639976,B1
297936,C2
527559,D1
615042,E1
254749,F
582194,D1
185998,C3
401209,D1
381743,D1
632751,C3
437447,C2
408773,C3
331478,C3
113746,D1
461948,D1
380555,C3
30937,C2
471940,F
488776,C2
236097,F
50604,C2
279799,B3
431368,C3
353997,C2
271751,D1
490825,F
7445,C1
155350,D1
40232,C3
261205,D1
598255,C3
190237,D1
464227,E1
116886,D1
519106,C3
552064,A2
127656,E1
46153,B3
451070,D1
279289,C3
403811,B1
377396,E1
641220,E1
493232,A3
349377,C2
418499,D1
150311,D1
135977,C1
57436,F
532322,C2
10075,B1
269078,A3
966,C2
623403,C2
626373,C3
448486,E1
218669,E1
250904,C1
252985,B3
250506,C3
602542,D1
363208,D1
594648,E2
450556,C3
71834,C2
87932,D1
609418,F
611350,C2
374198,E1
52601,B1
566987,D1
42599,E1
121555,C2
223430,C2
431043,D1
198730,C1
221743,F
321177,B3
519778,C3
366624,F
113094,E2
32189,B2
52341,D1
75430,C2
560873,B3
427277,C2
7248,B1
406805,B3
237056,C3
585765,D1
22937,D1
498857,C2
318158,C1
504658,C3
433936,C2
24096,C1
393238,A3
14095,C1
343249,B3
325293,F
640426,D1
278025,C3
401979,C3
570031,D1
444518,C1
556233,D1
393982,C1
189794,C2
534486,D1
433665,D1
559044,C2
236700,D1
606192,E1
24811,C1
568252,E1
83890,D1
13045,D1
261285,C3
288049,D1
112009,D1
594342,F
58344,C2
192725,D1
588384,B3
105777,D1
384444,E2
84911,C3
582516,C3
343632,E1
178727,E1
198089,C1
507284,F
100904,E2
455412,C2
220029,D1
655945,C1
642829,D1
552811,D1
611602,B3
43684,C3
25318,B3
601108,D1
153287,D1
541211,C2
141762,C1
110041,E2
422867,E1
644203,B1
114505,C3
456429,C2
38678,E1
380480,B1
555087,C1
284839,C1
438369,C2
529796,B3
604468,D1
217677,C2
14138,F
504684,A3
367595,C1
534190,C3
207891,E2
521713,D1
177528,B1
324515,D1
539982,D1
546212,C1
255234,C3
605411,B3
401296,F
209441,C3
519787,D1
486,B2
553940,C2
214784,C1
43085,B1
521490,C2
138099,D1
562049,B3
384956,D1
471128,E2
302487,C1
80318,D1
627705,E1
367284,E1
87797,D1
158390,B3
340531,D1
652780,C2
455134,C3
469812,C3
131437,C2
586616,D1
452543,C1
249083,C2
183449,C1
50897,E2
523048,D1
590504,E1
416058,D1
124401,E1
480102,C2
358809,F
648649,D1
35255,E1
652881,C2
315360,C2
168081,C1
96553,E2
617085,C1
331761,C1
260320,C2
610848,C2
505330,B3
253294,C2
217888,B1
257705,B3
577659,E2
66341,B3
425242,D1
336970,C3
310472,D1
326198,D1
587693,E2
87551,C1
201684,D1
522277,D1
224740,B3
74293,C2
118814,D1
163851,D1
23121,F
583839,D1
473799,E2
359158,D1
102103,D1
494019,C2
655066,D1
400395,B3
467284,D1
274487,D1
261267,D1
422072,D1
204481,C2
656174,C2
539118,D1
448816,D1
246840,C2
281959,D1
459727,B3
380342,E1
67945,C1
244697,C2
492723,E1
172098,D1
178931,D1
515154,C3
123780,D1
567742,D1
643529,B1
81738,E2
285687,D1
459890,E1
321638,F
444260,C1
508080,E2
469886,D1
248075,C1
336354,D1
141172,C2
93239,B2
216571,E2
524550,C1
222595,C1
334834,C2
17052,C1
545840,A2
623846,C1
69354,C2
425109,D1
516680,C3
551366,E2
129890,C2
409218,F
641301,D1
47500,D1
430305,A2
141495,C2
360798,E1
356651,D1
527706,D1
408978,C1
76929,D1
512531,D1
266189,C1
311362,E2
47948,E2
197082,C1
420025,C3
115925,D1
169811,C2
89533,B2
313842,C2
333107,C2
476851,C2
519262,F
481474,C3
524474,C1
571968,C1
239962,C2
589604,C2
243638,D1
189973,C3
292921,E1
412117,E1
470894,C3
352375,D1
472633,C1
560486,C3
634352,C3
29679,D1
22628,E2
435639,B1
427924,C3
283438,G
65275,D1
165780,D1
381908,C3
192724,D1
154294,E1
230520,C1
539700,C1
401341,C2
50116,D1
84150,B1
37550,D1
593762,D1
367616,D1
210737,C3
334765,C2
50271,D1
426332,D1
510447,D1
485449,D1
59523,B1
125524,C1
1493,B1
131339,D1
303389,D1
291203,D1
616481,C1
387811,E1
157635,D1
76671,B3
237296,C3
12007,B3
162712,C2
450517,C1
433506,C1
324544,C2
380106,C2
630444,C1
115030,E1
85009,E1
321343,C2
399901,D1
6705,E1
646239,C1
464042,C3
292895,C1
247815,C3
643959,B2
314552,C1
132603,B2
298206,F
152757,C3
198118,D1
544065,C2
539531,D1
521326,D1
102358,C1
590685,C2
139464,C1
242060,C2
272528,A3
620919,C3
177204,E1
650512,C2
35476,D1
315009,C2
518353,D1
519598,D1
31231,B2
517141,C2
283081,C3
635320,D1
89443,C3
285863,C3
427623,F
60494,C1
217194,C3
160602,D1
157177,D1
4107,C3
280194,E1
291195,C2
345788,D1
176856,D1
658680,C3
268720,D1
274348,G
222226,C3
354197,D1
495473,C1
621505,B1
642114,B3
654849,E2
33340,C3
383400,C2
535795,C3
321631,B3
395728,B3
360615,C1
33387,B3
592657,B3
276558,C1
10235,B2
335145,B2
599593,F
505000,B3
647252,B3
319690,D1
16996,C1
270175,C1
217398,E1
75773,C2
509029,D1
562201,E2
346279,C1
189356,D1
23069,B2
642294,C3
253416,D1
288862,A3
313240,C2
245750,C1
125567,E1
311071,B3
412456,F
68819,C2
263378,D1
34253,B3
31884,B2
235021,E1
502048,D1
6926,B1
569026,E1
421004,D1
468356,C3
56285,G
437474,B3
473839,C3
259154,C1
178773,C2
272864,C1
603049,C1
402544,B3
163408,C3
191818,C2
216686,C1
407569,C1
187098,C1
6418,C2
139518,C2
425135,D1
147716,C3
327528,C3
85888,C3
381265,E1
41612,B1
643754,F
145194,D1
602035,C3
613710,D1
358694,C3
106015,D1
494514,B3
187116,E1
567752,B3
328450,D1
130262,C3
561910,C3
658656,E1
655555,B3
258751,C1
189190,D1
580665,D1
133521,C1
556531,D1
88525,C2
176900,C1
89854,C1
333341,B3
186037,E2
120838,C1
427968,C3
217887,C2
49214,F
325627,E1
616366,C3
623970,C2
600021,C3
612409,C1
255836,D1
170813,F
462060,C3
75854,D1
337359,B2
135690,B3
95798,D1
460267,D1
142544,C2
446005,B3
192258,B1
597521,D1
40208,C2
304732,E2
250865,D1
130147,C1
175990,F
243661,E1
653010,D1
654370,C1
120204,C2
431735,E2
154932,D1
627555,E1
331919,D1
2679,C1
148145,E1
274303,D1
70065,C3
472883,C3
658979,E1
561415,C2
131585,C2
91419,D1
167812,D1
511520,D1
547556,C1
342228,D1
429258,C3
378546,D1
640219,B3
324509,C2
171646,C3
473153,D1
99415,D1
330518,D1
124477,D1
588230,B3
99777,B2
515073,E2
516920,D1
442687,B3
536779,C1
56851,C2
185912,D1
224669,C3
394819,C3
78103,B2
516879,C2
456599,C3
450937,F
247132,D1
279301,C1
457761,E1
374078,C1
516484,E2
557119,C2
131257,C3
536019,C3
49741,C1
12517,D1
351495,B3
449374,D1
127398,B3
72045,F
563942,D1
531482,D1
440953,F
185484,B3
654812,C1
663498,E2
48020,B1
251492,C1
36396,B3
461542,C3
161841,D1
466125,D1
498372,C3
203369,E1
300580,C1
474006,C2
159600,C2
53033,D1
642083,C2
169927,D1
409798,E2
393048,B3
157755,C2
153941,E1
507268,C1
626114,D1
458000,B3
53866,C3
383431,E1
585323,C2
524854,D1
116646,B2
547755,C1
254018,D1
485172,C1
659459,D1
186641,C2
459761,A1
212032,D1
186254,D1
104567,C1
574409,A1
23633,E1
63778,E2
209247,E1
103877,C3
61593,B2
336219,C3
63777,C3
195865,C2
184871,D1
530562,C2
166638,D1
538637,C2
473161,C2
214791,C3
343867,D1
218881,C2
153973,D1
256428,E1
64642,D1
448646,C1
178527,E1
266719,C1
438510,E1
253839,D1
309065,C3
526614,D1
494407,D1
7315,C3
50183,C2
465615,E1
302332,C1
483055,B3
546880,C2
87968,C2
606955,F
601639,C2
401611,D1
518489,E1
246643,C2
618333,C1
358603,D1
370337,C3
325081,F
217543,C2
250609,C3
400732,C1
49736,D1
473321,D1
638751,D1
158195,C2
618833,C2
132276,C3
611263,E2
602914,B3
110983,D1
52020,C2
345959,D1
615980,C2
180415,C3
65267,D1
651267,E2
151995,D1
410581,F
255763,E1
355488,C2
441256,D1
658478,C2
117241,D1
176128,C1
519029,B3
365201,D1
287259,D1
145536,C2
406102,D1
336818,E1
254678,C1
530465,F
478320,B3
378469,D1
490694,C1
198053,B1
621641,E1
328461,D1
598573,C2
577137,C3
111573,E1
488535,C2
268835,C3
573691,D1
398116,E1
451085,E1
278312,F
390317,E2
383262,D1
302151,D1
93232,C3
599587,D1
108274,C3
12088,C3
608511,D1
428130,E1
411664,C2
570950,D1
517746,D1
102986,F
348904,D1
214303,C3
544970,D1
17957,B2
41771,D1
582770,B3
2026,C1
371408,C2
511845,C2
124325,E2
214485,C3
555252,D1
46565,D1
424609,C2
133676,D1
353107,C1
181004,C3
452586,D1
402684,C1
598873,E2
187779,C3
584999,C2
514230,E2
249701,D1
547863,C2
467679,D1
20924,D1
112757,C1
572857,B3
423352,C2
232323,C2
367093,C3
4805,C2
390238,B3
84256,C2
584844,D1
35522,C3
447882,D1
482010,E1
120151,C1
268840,C1
622221,E1
656131,D1
489465,E1
37718,C1
494997,B3
68196,C1
275614,D1
578867,D1
240956,E1
364333,E1
146700,D1
590780,C3
180519,C1
31099,C2
563182,C3
323805,B3
151334,C2
300569,D1
64277,D1
387133,C3
285712,C3
147070,B3
180413,D1
409787,D1
612125,D1
383396,D1
251381,D1
547828,C2
461284,B3
348634,D1
393385,C2
598354,D1
432451,C2
325833,C3
439806,C3
330726,C2
351807,C3
168002,D1
258115,C3
341619,D1
625821,C2
450289,C2
196273,D1
309447,C1
124064,B2
23362,E1
248733,E1
221045,C2
394939,C3
526615,E1
657914,B3
327240,C2
27882,B2
356975,B3
282917,E1
273399,D1
462020,C2
295366,D1
320066,C2
553048,D1
207550,E1
123684,B2
246677,C1
224150,B2
433068,D1
325646,C2
493502,C1
337343,C3
279338,B3
593858,D1
513677,B3
287797,C2
560005,C3
263289,C1
253378,C1
478637,C2
333874,B3
639541,E2
523332,C2
526967,E2
411111,C2
151293,C3
10788,C3
247928,D1
636628,D1
62938,C2
406296,F
638008,B2
604275,E2
585993,C2
511893,E1
187416,C2
435385,B1
323408,D1
353493,D1
14070,C1
482119,D1
479872,D1
650572,B3
439999,D1
408329,E1
248428,E1
550382,D1
312901,D1
577271,C2
283358,D1
370064,D1
645598,D1
83115,C1
286742,D1
80192,F
268495,B3
487469,D1
208357,C3
29924,E2
17766,B2
76166,D1
252812,B1
432830,C1
226074,B3
112259,C3
272325,D1
102105,C2
482295,B3
565733,C3
369320,D1
641071,D1
284977,E2
147503,E2
612226,C3
501237,B3
142567,C3
449593,D1
642836,D1
21741,D1
15664,C2
400103,B3
249713,C2
450475,E2
479375,F
375933,E2
552933,C2
604771,B1
328979,D1
215910,C3
337244,D1
35035,B3
639958,D1
532646,E2
288476,D1
299119,E1
607377,B3
392669,C2
171909,C3
230153,C1
463697,C2
219627,D1
129471,E1
180277,D1
133748,C3
477008,B2
22087,D1
358698,C3
348973,C3
30654,D1
226819,C1
312685,C1
253261,C2
156992,D1
524865,C3
195764,C2
248259,C1
453183,B1
437328,F
335034,C1
323192,D1
248506,B3
322859,C3
592367,B2
319552,C3
399507,B3
381325,E1
25953,D1
440647,C2
581063,C2
120775,E1
492417,C3
149617,D1
9164,C3
413781,D1
197797,E2
481657,B2
523539,D1
607714,F
131365,C2
211027,C2
43793,D1
233577,C1
589539,C2
207593,D1
628280,E1
56181,B1
317263,F
229670,C2
599957,E2
555905,C1
174232,B3
136001,C2
59558,C2
227089,D1
569687,D1
307105,D1
213148,D1
304605,D1
609494,E2
92163,D1
287399,C1
189895,E1
144711,B1
216877,F
157084,C1
239513,B2
375448,D1
211304,F
145881,B3
138572,C3
482255,C3
470303,D1
275229,C2
429057,G
633311,D1
592638,C2
102042,B3
389149,B3
233748,C2
660156,B1
387322,C1
557753,D1
48486,B2
86134,C2
11897,D1
103405,C3
643373,C3
367728,B3
498454,D1
341773,D1
386529,D1
610169,C1
434933,D1
147371,C3
569865,C1
460696,A2
587093,A3
591238,C2
23925,D1
183533,E1
174046,D1
554353,D1
124571,B3
438091,D1
74664,D1
9363,D1
208146,D1
8352,B3
169458,C3
236711,D1
149964,E1
434421,D1
520298,C1
429379,C2
233208,C1
90305,C3
40837,F
487178,B3
515973,C1
221079,D1
637025,B2
374232,D1
207942,E2
144361,C3
200952,C2
471308,C3
207170,C1
555179,C1
84915,C3
618736,C2
474695,D1
594800,D1
166513,C3
30089,C2
639179,A3
394257,C2
439203,F
422080,C3
20505,C1
169931,C2
76753,F
165695,D1
365947,E1
26484,D1
395798,D1
593461,C1
516788,C2
154314,B1
493543,D1
630674,C2
655901,C2
545062,E2
15880,B2
414756,C1
99220,D1
536498,E1
159063,B2
293226,E1
471083,D1
378474,E1
460094,D1
358433,D1
530409,C1
319909,C2
93967,E1
499090,D1
650627,B1
522974,D1
118963,C3
241000,D1
439704,C2
480901,C3
117268,D1
244057,C2
479318,C2
300686,C2
244574,B1
330757,E1
61776,B1
256416,C2
349330,D1
198318,D1
171822,C3
327192,C2
478797,C1
161662,C2
473813,D1
563798,F
321435,B3
314362,C1
567370,C1
304312,B2
556652,F
25181,C2
410782,C1
109203,D1
438291,E1
622676,C2
141966,B1
99286,C3
545145,C2
26694,B2
386455,C1
651963,B1
502916,C1
523619,D1
108043,C3
67369,D1
395621,C1
284103,D1
197175,D1
486842,C3
611184,B3
209662,D1
365287,E2
160597,C2
125109,F
155858,F
48950,D1
157589,C2
484723,C2
73678,B2
229835,D1
646966,E1
553633,C1
294547,D1
183958,C1
204804,C2
46432,D1
74262,D1
501129,C1
38260,C2
476870,A2
578458,C2
51469,C2
329771,C2
122402,C3
634410,C3
631420,E2
220786,C3
384438,C3
516499,C2
574708,C1
465,B1
219412,C3
505689,C1
281128,D1
566601,C3
98709,C2
32449,C1
59788,C2
31303,B2
232122,C2
130561,D1
208137,E1
230399,C1
644685,B3
85976,C2
334237,F
573721,D1
44607,E1
378685,C2
652602,C1
14735,D1
2486,B2
423844,A3
31943,E1
444802,C3
641600,B3
54170,B2
103538,C2
212120,D1
434429,E1
635697,E2
148877,D1
56106,D1
144766,C2
386914,C3
145747,C1
602344,D1
61042,C2
647971,E2
572194,D1
82060,C2
401552,C2
219032,E2
421993,C3
218311,G
660222,D1
64879,D1
99638,C3
507598,C2
592770,C2
393770,C1
468747,D1
540366,D1
375475,D1
304839,B3
256013,F
397528,D1
93941,E2
9222,D1
531283,D1
12348,C2
326573,C3
466911,C3
449632,D1
197573,D1
355720,C3
347334,C2
452385,B3
537973,D1
141453,F
637052,A3
569543,E1
58776,D1
122895,C2
313931,D1
71850,B3
97753,B2
67649,C3
353355,B2
239278,D1
301879,E1
35491,B3
567941,C2
132447,E2
216505,D1
636343,B3
595225,D1
355617,C2
81487,C2
417410,C1
581431,D1
274513,C2
199090,C2
423291,E1
320634,F
500110,G
231556,C3
593841,B3
57755,C3
560962,A2
85060,C3
540514,E1
256528,C2
515793,C3
227062,C2
140578,D1
208424,E2
387992,E1
105930,C3
553653,B3
296168,C2
239438,C2
416769,C2
381670,D1
245996,D1
128894,D1
442712,C3
439705,E2
369898,D1
391332,E1
491155,E1
437118,C2
65617,D1
341333,D1
538437,C2
104126,B3
77803,C1
16443,B3
119190,B3
631887,D1
476967,C2
468973,B3
169000,C3
589608,C2
592023,C3
516219,D1
124728,E1
25795,B3
545680,C3
508692,B3
217132,C2
176641,D1
111125,B3
178119,D1
565951,C2
306915,C3
68127,B2
15095,E1
136993,C3
77951,F
27136,B2
527373,E1
572228,C1
314522,F
577683,F
269229,E2
161761,D1
34781,C2
173099,D1
281817,E1
379450,D1
486118,B3
364936,D1
475790,A2
445591,E1
527465,D1
528022,C1
20160,B2
430430,B3
599673,A3
648319,C1
388741,A3
15912,D1
563376,D1
303959,C1
344826,A3
163522,D1
492438,C3
356938,B3
284744,E2
25316,C1
513330,D1
662713,E1
370870,D1
418798,D1
362862,B3
179610,C2
263339,E1
458719,C3
401338,C2
443508,E1
306077,D1
399050,D1
508796,C1
263701,C3
496931,D1
58043,D1
591921,B3
503739,C2
647886,C2
150450,C3
259658,D1
446811,C2
134916,C3
179209,E1
529419,C1
213517,D1
651192,C2
56962,C3
138157,C3
523324,C2
143962,B3
88836,C2
59529,B1
189350,D1
130822,D1
475840,D1
168660,C3
178687,C3
420636,D1
545110,D1
611757,E2
297664,C1
223401,B3
188472,C1
358819,C2
357908,C3
39742,C3
387598,E1
607264,C3
367967,D1
433498,C3
238341,C3
340889,E1
168923,D1
599186,C1
660458,C2
430019,E1
636961,C3
241525,D1
559728,D1
91921,D1
134593,C3
107810,C2
423206,C1
290216,D1
9463,B2
143727,E1
615174,C3
300881,C3
446409,B3
75012,C3
97607,C2
344681,C2
49818,C1
86646,D1
205467,D1
240811,C2
37729,D1
514146,D1
627196,C3
167858,C3
582498,D1
381469,C1
81773,B3
103281,C2
165792,D1
265577,C2
255027,C1
120710,B2
190636,F
516152,D1
376955,D1
487466,B3
249968,F
91870,D1
173533,D1
257657,C2
454758,C3
312852,D1
295513,C2
402886,C1
305948,D1
438454,D1
226116,E2
231952,C3
572251,D1
489560,C1
150623,D1
493140,D1
122550,C1
493642,C3
470517,C2
222975,B2
27428,E2
46607,E2
641550,D1
223695,C2
240998,C1
644975,D1
591869,C2
66178,C2
297786,D1
476913,C1
567110,C3
156785,C1
75629,B1
34875,B2
628533,C2
355675,C2
514743,B3
90038,D1
573136,C2
67638,D1
339945,D1
42645,E1
600400,C2
173092,D1
106062,C2
93815,C2
501604,D1
363385,B3
250498,C2
636182,C1
515968,D1
584227,C1
195376,D1
656569,C3
337565,C1
34584,C3
526432,B2
344152,C1
560643,C3
403891,F
130998,E1
611770,C2
238415,C3
603098,E1
35189,D1
504855,C3
496363,C1
455616,C2
636741,C3
388336,D1
398552,D1
507706,C3
477048,B3
140400,C2
628346,D1
162192,C2
111253,C3
622819,B3
459895,C2
618581,C1
379730,C1
559544,D1
632935,B3
300484,E1
26815,B3
623431,F
333738,B3
159334,C3
603676,B2
387867,B3
418626,E1
626416,B1
411019,F
353273,A1
424580,C1
361245,C1
21163,C1
420149,C2
48754,B2
213749,C3
541445,C1
288061,C3
606370,D1
194007,D1
93685,C2
609739,C1
347657,D1
208077,C3
612089,B3
355388,D1
36476,B2
564885,C3
655030,C3
337750,D1
607277,D1
68134,C2
441034,C2
154521,C3
618651,D1
626583,C2
335631,D1
225373,D1
425173,E1
95184,C1
186569,D1
513629,B3
216957,B1
557160,C2
90270,D1
111666,B3
427067,D1
186332,C1
346680,C1
286384,D1
629313,E1
383069,B3
378236,D1
217684,D1
11640,D1
410144,C1
561675,C3
601273,C2
499485,D1
615141,E2
359998,E1
403010,E1
537286,C3
435799,C2
491768,D1
40591,C1
426723,A2
163435,C3
350929,D1
589417,C2
617885,C2
493482,C3
147882,C2
37443,C3
342293,B3
601812,D1
75823,F
661692,C2
661724,C2
438669,C2
203123,C1
647184,C3
161293,C1
632145,C1
624610,D1
197089,B2
236381,D1
88476,C1
15,B2
340218,E1
547618,D1
87652,E1
304281,B1
429344,C1
484940,D1
458266,B3
82498,F
413971,E1
211246,C2
474069,C1
79337,B3
307700,C2
277184,G
387746,B3
135313,E1
318472,B3
345980,C2
29018,C1
409365,F
445009,C2
586344,C3
259208,D1
238151,C1
100660,B3
427034,C1
586605,A2
653734,F
155726,C3
265389,C2
625786,C2
56291,B3
56700,B2
268585,B3
492854,C2
137024,E2
558711,C3
12483,D1
82844,C2
347262,C1
118716,C2
90832,E1
522453,C1
530759,E1
610921,E2
226603,G
89993,D1
280870,D1
61360,B1
246093,C2
336648,D1
602387,C1
526821,D1
481622,C3
574084,C1
214158,D1
475245,C2
283097,C3
228034,C2
337113,D1
40598,C1
142522,D1
350357,C3
54785,E1
126525,C2
523654,E2
91791,D1
581853,D1
478925,C1
602028,D1
111410,D1
449627,C2
87605,C3
652878,D1
437535,F
164029,E1
527615,A3
519336,D1
562475,A2
153433,C3
145514,D1
500200,D1
512138,C2
394734,E1
581568,C1
25141,C1
107585,F
77300,B3
560829,C2
644474,C1
29647,D1
577211,E1
328239,D1
204943,B2
286797,D1
440871,C3
27389,D1
619738,C2
186707,C2
441192,D1
289576,E1
40881,C3
298599,F
609887,C1
386261,A3
572640,C2
227638,D1
470529,D1
153088,C1
481396,D1
450584,C1
195279,C1
129785,A3
114736,D1
519872,E1
209199,C2
390226,C1
655184,C1
387365,B3
95313,G
461804,C1
657930,C2
379601,C3
190097,D1
16615,C2
38114,D1
202982,C2
155739,C2
566482,E1
325751,G
225307,C2
318741,D1
263880,C3
416861,B3
20250,B2
440706,C2
251500,C3
572218,C3
645643,C2
245773,B2
180298,C3
537875,C3
635373,B3
560330,A3
373854,C3
440181,D1
558465,D1
577865,C2
211219,D1
55935,B3
163965,E1
631149,D1
660708,F
65975,B3
615393,C3
73759,C3
134595,D1
33235,C1
337877,B3
360811,C1
625901,D1
617886,D1
8699,C2
143518,C1
196885,F
475958,D1
279550,F
67534,C2
300414,E1
458953,C1
344696,C2
249392,C3
402778,A3
298777,D1
21502,C1
104094,C1
60567,B1
423093,C1
29007,D1
407839,D1
320683,C3
460950,C2
554708,C1
269376,C1
199356,C3
259937,C2
4310,B2
530828,E1
409501,D1
644222,C3
164638,D1
80383,B3
122772,C2
223619,C3
207485,B3
452714,C2
176757,C3
126663,D1
414307,B3
48351,E1
167994,C3
535665,D1
99009,C2
407435,C2
469665,D1
165760,C2
349500,D1
658086,B2
168572,C1
314187,C3
415685,D1
143900,C1
370505,C2
214936,C3
143136,C2
86240,E1
593214,E2
507424,C1
259514,D1
652702,C2
354314,C1
264056,E1
9613,E2
221526,C3
548855,B3
387936,D1
346766,D1
361407,C3
132521,C3
245856,B3
656257,B3
625388,D1
293405,C2
1517,B1
327019,B3
287356,B3
141279,E2
428500,D1
167493,C3
640143,B3
311567,D1
508705,C2
263126,E1
572991,F
148718,C2
135990,C2
646227,D1
546838,C3
426143,B3
33769,C2
412361,D1
399376,B3
363450,C1
175851,G
632814,D1
375582,B3
199071,D1
301464,D1
336343,C2
264230,E1
105554,C2
539333,E1
15229,C1
360227,C1
135598,B2
431187,C2
512162,C2
97910,C3
18215,C3
368101,D1
377651,E1
471869,C2
345078,B3
501658,C1
534983,C1
227349,C1
74269,E1
612247,D1
129200,D1
272992,D1
405693,F
135145,B3
521300,F
617541,A2
330793,D1
224565,C1
268847,E2
94445,C3
524236,C3
50361,D1
655383,C1
602102,B1
579975,C1
528394,C2
277558,E1
77200,B3
450673,E1
334194,B3
23365,F
444823,C1
491986,C1
118956,B3
546394,E2
627926,D1
258823,B3
105861,D1
326042,D1
225811,C1
225723,D1
254005,C3
242324,C1
584549,C3
487076,C2
65876,B3
116274,C1
551609,B3
599710,E1
61050,B2
120497,C2
386763,D1
359524,F
449088,D1
33606,E1
91878,D1
484182,C3
188995,C2
380964,D1
28436,D1
58494,B2
279736,C3
436974,B3
164805,C1
639460,C1
514856,D1
185620,C1
12255,C3
426387,C3
106227,C2
410629,C1
42537,B2
451109,C2
615507,F
627168,C2
649478,B1
82583,D1
600275,C3
589137,E2
306387,B3
631640,C3
237954,D1
617160,D1
329530,E2
202311,E2
585167,C1
181154,D1
355677,C1
283185,D1
596137,C1
252278,D1
196823,B1
387046,D1
59051,E1
464089,C2
382900,C2
129599,C3
651831,C2
567068,C1
31871,B3
79774,D1
617290,F
34386,C1
99242,D1
617654,E1
467378,D1
49782,D1
282136,C1
430922,B3
174983,D1
258191,E2
485548,C2
259400,C2
292828,C2
218347,E2
68877,C2
63603,B2
251758,C3
92792,E2
593697,E1
238906,E2
609444,C2
658237,C1
83245,E1
55304,D1
652010,C1
107242,C1
231503,D1
385510,C1
285556,C2
196926,E2
551186,D1
457567,D1
342461,C3
532081,C3
89169,B3
247019,C3
517444,D1
281998,D1
327890,B1
390191,F
105336,D1
471580,G
222245,C2
570026,C3
150331,C1
4054,E2
545235,C3
433658,C1
396537,C2
57693,B3
324976,E1
588578,D1
485664,C3
403986,B3
128144,C3
83447,E2
587085,F
640874,E2
237237,E2
638950,C3
255241,C3
299197,E2
405167,C3
606675,E2
188608,E1
170487,C1
470274,B3
13619,B1
256671,C3
480810,C3
292032,D1
217769,C2
392157,D1
291893,C2
562186,B3
217170,C2
259317,C1
641479,F
84144,B3
405623,B2
514794,F
201737,C2
510428,C2
99466,E1
655688,D1
258524,D1
167971,B3
192711,D1
608177,E1
337819,F
660393,B2
327633,C1
351863,D1
593726,C1
426491,C1
69651,D1
106849,E1
569788,G
633769,D1
385619,B3
102993,B1
64854,D1
233431,C1
584706,B3
441018,D1
431226,D1
333419,C2
101331,B1
503821,C2
622894,B1
480048,E2
553460,C3
202036,C1
204594,C2
319957,D1
160458,C1
117897,B3
67077,D1
506394,C2
615666,C2
377758,C1
287757,C1
399323,C2
522195,B3
27758,C2
571441,C3
531687,C2
536457,D1
370863,C1
536888,E1
203028,B3
599689,C1
106951,C2
271168,E1
344093,C1
407716,C1
446115,C1
510618,E1
503924,D1
615871,B1
257185,B3
635832,D1
613942,B3
618369,B2
65127,C1
52008,E2
626701,C3
506376,C3
642967,B2
15122,B3
628324,B1
318908,C3
622242,C1
338598,F
644578,C2
382190,C2
162775,E2
579239,C2
354042,C1
72010,C1
148219,C2
202077,C3
404888,C3
41106,B3
573943,E2
600421,F
161959,D1
430425,C2
120932,B2
54129,D1
95212,A3
635502,C3
591223,B1
531399,C1
268041,B1
157780,D1
473883,D1
36671,B3
639699,D1
340909,E2
346025,F
100797,D1
407401,C3
354545,D1
279044,C2
53176,E1
118183,C1
345080,C2
5243,C2
9631,D1
411766,C2
461356,C3
547084,C1
598418,A3
204588,C1
101119,C1
201345,C1
569854,C2
280606,C2
574009,B3
84446,F
470031,D1
346996,D1
475875,D1
418555,B3
570859,E1
497320,C1
513507,C3
447559,C3
341703,B3
151094,C3
312286,D1
636329,D1
312099,D1
4592,C3
619094,C1
464830,D1
641108,E2
628548,C3
636451,E2
608794,B2
104488,C1
106028,C3
450733,D1
636079,C3
618953,C2
48198,D1
377444,D1
298290,C3
136911,C3
347938,B3
476943,C2
214094,C2
123511,E1
10299,F
211871,C2
300098,C1
120078,C2
560623,C2
319497,C1
92784,C2
369522,D1
521915,B1
38473,E2
82373,B3
478418,C3
194303,C1
133183,C1
402348,D1
629538,D1
343514,C3
412151,C2
554750,C2
79754,B3
230406,D1
209011,C3
589410,D1
3912,C1
629304,E1
56091,C2
466620,C3
56763,D1
153924,C1
435255,E1
104175,B3
453755,A3
11510,B1
556792,D1
576054,F
243465,B3
396117,C1
639640,B3
376934,D1
345024,D1
510402,C3
514558,C1
223240,D1
476564,C2
314928,D1
257833,E1
379897,D1
76791,B3
95588,D1
206807,E1
607866,C3
30333,C1
552532,C1
76461,C2
57393,D1
392531,C1
447235,D1
434277,C2
645752,C3
525793,C1
447723,C2
581296,C1
268700,E1
232588,E1
325086,C2
395337,C2
149462,D1
170758,E2
501392,E2
461055,C2
51470,C2
366645,C3
629611,E1
17257,C1
658275,D1
636897,F
641111,C2
352201,D1
508051,E2
540683,E2
160136,D1
9760,C1
4688,D1
658620,E1
544229,C3
147427,D1
286428,D1
600589,E1
482233,C3
55630,B1
576465,C2
125862,E2
454674,B3
446562,D1
556024,D1
459405,C3
178565,C1
456454,B3
634844,D1
133388,F
216486,C1
595083,D1
567598,B3
497410,C3
189649,C1
446306,C3
614,B1
276140,D1
494852,D1
623004,C2
483615,D1
523820,D1
222155,C2
520087,A2
144230,C3
55247,E1
157631,E1
532214,C3
417343,B3
309220,D1
84699,D1
662742,B3
60123,C3
257559,E2
465487,F
86247,D1
253383,B3
355733,D1
30229,E1
370262,D1
58924,B2
70500,C2
634115,E1
460021,F
637848,B1
209778,C2
234264,C2
395310,D1
419969,C2
617293,D1
495598,C2
330943,E1
366838,C2
189209,C1
653272,C3
632101,E2
393512,G
410459,D1
553733,A1
75462,C2
1009,B1
521907,C1
423304,B3
466619,C3
473763,C2
42253,C3
558894,C3
500876,C3
31200,B3
419710,C3
351257,D1
357720,E2
20410,C2
54942,D1
14265,D1
165249,F
336489,D1
287880,C3
533077,E1
151144,C3
391118,C2
46908,G
556291,E1
580369,C1
217509,D1
121791,C2
490203,E1
36475,C2
576469,E1
190539,F
594250,D1
654155,D1
118664,C1
46288,C2
648870,D1
549333,C3
187315,C3
582841,E2
245392,C2
335834,D1
662629,C1
454668,E1
405213,C2
644534,B3
661410,F
336848,D1
313884,D1
1654,B2
425178,C3
554843,C2
497462,D1
198277,C1
493203,D1
77630,D1
20869,C3
62510,C1
142586,E2
560842,C3
584335,C3
82376,E1
663468,B1
182663,C2
144865,C3
178467,C1
231379,E2
567308,C2
542661,C1
271685,B3
351429,F
526198,D1
364580,D1
79120,D1
270451,C1
340115,C2
155534,B2
43827,B3
579984,C2
241796,E2
581198,C1
565881,E2
651548,B1
29131,B3
481548,C2
468429,C3
532871,C3
453342,D1
66647,B3
115544,D1
630047,B3
603391,C2
588335,B3
265726,F
386540,C2
422292,D1
294885,C3
594797,E1
54566,C2
482485,C3
35132,C1
288620,B3
171692,D1
210856,C2
226024,C1
616907,C3
142561,B3
537554,D1
501203,B3
229187,A3
519665,D1
341897,C3
121785,C3
272118,B3
575055,D1
464143,C2
109107,B3
280031,C2
632075,C2
427904,D1
626740,C1
296411,C3
284980,B3
615391,C2
410510,D1
43039,E1
373591,D1
534196,C2
431270,C1
139971,C3
605350,B3
408771,B2
286928,C2
203626,C2
35295,B1
555551,C1
56021,D1
363924,E1
21399,C1
255341,C1
385290,C1
264383,C2
276728,B3
378774,C2
279134,D1
288198,C1
34862,C2
383765,D1
587684,C2
470138,C1
591420,E2
242212,D1
10545,B3
195322,C1
148596,D1
142170,C1
308476,C3
132232,C1
570074,D1
568282,B3
222276,C1
606685,B3
537534,C2
661490,C2
277438,C2
72451,B3
63861,C1
426106,B3
525159,B2
585197,D1
352480,D1
109883,C2
85031,F
157528,C2
170784,C2
280506,F
37417,D1
447859,C3
35892,E1
556180,C3
217810,E2
401734,C2
647186,C2
131020,C3
173123,B3
251747,E1
406530,C3
621382,D1
169435,D1
43364,C1
388012,E1
643131,F
66586,D1
378858,A3
284791,C2
68170,D1
620297,C3
246246,E2
591394,C1
260767,C3
208923,E1
124563,C1
151498,C2
445790,D1
94527,D1
403108,E1
1179,C2
211777,E1
397409,E1
209629,E1
589881,C1
514826,A3
414178,D1
264982,C3
616877,C3
538607,F
612673,D1
135146,D1
283052,E1
354058,E1
651528,C3
281524,C2
607905,E1
11784,C3
639184,C2
363156,C3
175911,C2
178660,C3
337370,C3
38033,B2
652589,C1
561852,C1
50135,C1
566303,C1
121815,D1
116229,C3
343217,A2
546995,F
424869,D1
335376,D1
386031,D1
476003,B3
635066,F
601488,C2
246568,C3
286688,G
134252,B2
196362,D1
315454,B2
533620,C3
126432,B3
523854,C2
551989,B3
255800,C3
182675,E1
455869,C2
646105,C3
189198,D1
125144,C1
38166,C2
407896,C2
635174,D1
617423,B1
407111,D1
493807,C2
53183,D1
394591,C1
61105,C3
263393,D1
43681,D1
128666,F
273618,C2
396306,B2
619285,E1
486240,C3
160532,E2
291164,B3
133784,C2
18532,B2
66043,C2
546828,E2
444956,E1
569761,E2
440603,D1
577728,C2
436334,C2
46981,B3
15323,B3
553110,C3
520325,C2
343362,D1
12431,C1
254286,B3
201247,C2
274590,C1
10989,E1
84035,C2
327014,E2
647428,C2
638790,C2
563524,C3
539846,C3
650729,B1
534624,C3
169169,C3
326589,E1
440829,D1
472977,C3
588020,C3
576170,F
29071,E2
3652,D1
549318,B3
94531,C1
316392,D1
74081,E2
579422,C1
610829,C3
482741,D1
339038,E1
109087,C1
329415,F
291216,E2
383410,D1
644405,E1
145683,C3
541244,B3
139826,B1
100860,F
376510,E1
186994,F
10308,C1
525813,C2
262897,C3
309689,D1
515375,F
203105,B3
21494,D1
485569,E2
67868,E1
523635,B3
144625,C3
380570,C3
211611,C3
275131,C2
537331,D1
342649,A3
214507,C2
97668,D1
167321,C3
219497,C1
440038,E2
527377,C2
329602,F
282029,C1
119603,B1
377861,B3
627175,C2
229885,C1
239743,D1
566740,C3
268820,C3
279080,G
97524,D1
464975,C1
167311,D1
385995,D1
561785,D1
247547,C1
166533,D1
662254,C2
646442,B1
48178,D1
170712,D1
527098,C2
368278,D1
209135,C3
307936,D1
285659,C3
353024,B1
647941,D1
561754,C2
106372,C3
493291,C2
657969,C1
359426,D1
474349,D1
6708,C2
83009,D1
298989,E2
37404,E1
96742,C2
279737,D1
323331,E2
356976,C2
403875,E1
124310,E1
196966,C2
555996,B3
497423,D1
462808,E1
162800,D1
605494,B3
381924,C2
241474,C2
465977,E1
106587,B1
447600,C1
472184,D1
225934,C3
549400,C3
428256,F
281866,C2
123705,D1
81235,C3
211140,C1
526337,C1
648441,C3
147672,C3
192058,D1
89243,D1
390438,C2
227180,C2
345548,D1
317024,C2
555141,E1
88202,B3
459334,C1
176283,C2
198267,E2
28256,E2
245061,B3
197007,C2
605729,C3
482051,D1
380465,C1
73798,D1
24405,E2
612460,E2
279733,D1
413960,C3
276544,C2
38727,D1
378028,E1
629470,C1
386189,B2
532704,A2
280474,D1
63170,B1
504656,C1
174135,C3
552932,C1
473072,D1
448854,B3
547000,D1
89471,D1
84092,B3
11862,D1
648023,C2
538535,C2
486429,C2
385820,C2
377006,F
132185,C2
55438,D1
281005,G
125352,E1
67825,B2
498619,C3
264366,C2
248769,D1
558363,C2
56458,F
596162,D1
84242,C1
296676,D1
22776,D1
111664,B3
540005,B3
545288,E1
537670,D1
155235,C2
252147,D1
615190,C2
9126,E1
371391,C2
244929,C3
67252,B3
209468,C3
458486,C3
46767,B2
404792,B3
648700,C1
436679,C1
522993,D1
588979,A2
116512,C1
478350,D1
468271,D1
67307,B3
647289,C3
368157,D1
597835,C3
265344,C1
132015,D1
445779,C1
557133,B1
414263,E2
325151,D1
370812,B3
390695,E1
244034,C1
235188,B3
377908,D1
391449,B3
543331,F
502527,D1
251779,D1
220499,C3
523204,C3
512108,A1
367295,D1
109684,D1
580921,C2
21080,C2
482728,A2
390434,C2
567030,C1
479669,D1
270099,D1
501208,F
372342,D1
319468,D1
125773,D1
382540,F
351669,D1
295447,D1
67205,C3
266762,F
151568,D1
545183,C1
99996,C1
651808,C1
206289,E1
193331,D1
337829,C2
409974,C1
509352,D1
153967,C3
658256,C2
501344,C1
392003,B3
383457,B3
381896,F
546523,C2
299772,D1
397031,C3
532937,G
511787,F
374818,D1
261522,B2
40321,D1
355191,C2
125202,E1
177006,D1
288565,B1
325137,F
10083,F
471188,C1
5795,C3
171611,D1
235476,C3
476488,D1
47407,D1
225228,C2
542227,E2
136292,D1
161154,E2
43268,B2
357222,D1
150801,C1
409281,C1
307629,C3
45479,D1
141456,C3
474820,B3
34136,B3
27345,D1
281165,B3
600523,A2
531921,C1
376401,E1
659229,D1
223324,C2
492564,D1
438384,C2
465177,C1
646897,E2
562265,C1
238211,C3
44269,C3
303879,C1
564710,D1
453963,C3
534090,C1
593616,E1
148266,C3
396613,C3
229367,C2
340661,E2
220188,C3
485269,C2
265909,G
80715,D1
560043,D1
516443,C3
302181,C3
100916,C2
341757,C3
32685,C3
468017,C3
517322,C1
63943,C3
630799,C2
75244,C3
320488,D1
39254,C3
637378,B3
440067,C1
330247,F
618237,B1
486263,C1
644687,B3
357321,C2
73918,B3
568137,E1
25337,C3
220651,B3
224966,C2
240990,D1
112270,C2
198656,D1
330708,B2
239260,D1
488228,C2
290306,D1
5600,C1
298394,E1
46885,E1
551617,E2
239459,C2
23571,D1
473078,C3
382000,C2
27471,B1
463623,B3
404281,D1
529751,C2
368939,F
50182,B3
125139,C1
394379,E1
180069,D1
556288,C1
403886,D1
635819,F
417697,C2
610883,B2
77534,F
388132,C1
636725,A2
356982,D1
520547,D1
417012,C3
134075,D1
544675,E1
458984,E1
336720,D1
523714,C2
650632,C3
813,B3
387161,C3
47611,C2
137804,C2
482839,C1
482960,B1
155585,C3
121715,D1
438991,C1
306878,C1
261386,E1
513812,A1
74929,C3
551726,C2
112930,F
66705,B1
88766,C2
124514,C3
110532,C1
95717,D1
194237,C1
390108,C2
439376,C3
278715,D1
233587,C3
390994,B2
153244,E1
168385,D1
469685,C2
397926,D1
390456,F
147059,D1
528144,C3
565039,C2
49254,E2
95131,D1
338889,E1
416006,D1
154208,E2
628160,B1
339521,C3
208441,D1
271454,C1
630491,E1
588104,B3
392637,D1
134273,B3
555447,E2
258727,D1
149774,C1
219896,E2
420763,D1
160513,D1
9039,E2
638684,C1
487534,C3
602000,C2
102589,C2
141753,D1
561543,C1
250240,C1
324901,C3
618406,D1
526358,C1
309709,E1
54283,C1
289895,C2
369669,D1
160851,B3
549198,E2
38358,C3
60259,C1
496043,C1
559973,D1
249129,B1
219181,C2
73024,C2
7749,B3
187255,D1
402921,E1
490243,B3
384115,B3
168285,C2
99256,C1
93164,D1
425275,E1
494970,C3
648865,E2
473245,C1
437867,C3
520634,C2
4910,C2
157192,C3
587957,C2
364544,D1
578471,C3
215506,B1
443314,D1
540385,D1
328222,F
658265,D1
516875,C1
344398,D1
332377,C3
230789,C3
193409,C2
642929,D1
105317,C3
442114,C2
655447,C2
361731,B2
151824,E2
314354,D1
90734,D1
223534,B3
545927,D1
232538,C3
65562,E1
275724,D1
85243,C3
536393,C2
352132,B3
241631,C1
222397,E1
370458,F
319467,F
559161,C3
602607,D1
454963,E1
507245,C3
604210,C1
556570,C2
289380,D1
642015,E1
554122,D1
649268,C3
178747,C3
531418,C2
192835,D1
206212,D1
47536,D1
422886,E1
210217,D1
61616,C2
462219,D1
310522,D1
394344,B3
356057,C2
424814,D1
547694,D1
113072,C2
358975,C2
93919,D1
238768,B3
626505,F
287540,E1
9965,E2
26016,D1
123678,B3
396446,C2
296681,D1
107522,D1
188293,C3
127059,E2
453295,C2
430192,C2
119445,F
75402,D1
43080,D1
620339,D1
376164,B3
617187,E2
4022,C2
268433,D1
159018,C3
30352,E1
44990,E2
228779,C1
258157,C3
88770,C1
254308,B3
343611,F
219104,D1
320411,D1
266782,C2
604492,C2
206585,C2
87159,B2
483757,E2
606211,C1
425105,D1
33122,B1
487753,C2
194922,D1
256660,D1
154860,C3
587520,C2
206214,C3
307295,C3
524529,C2
231443,B2
572213,B3
516832,D1
213237,D1
11863,B2
549869,D1
397259,D1
295648,D1
489400,D1
176807,D1
311704,D1
247946,D1
542997,A2
106911,C1
561631,C1
396970,C3
291537,D1
511681,E1
284810,C3
30988,C3
8404,D1
264250,D1
591443,D1
12401,D1
472161,C3
609898,E2
44134,B2
193890,D1
191128,E1
389604,C3
600495,C2
111502,C2
655782,C3
1866,B2
235976,B3
308489,C2
373659,C2
399046,C3
173087,C1
563934,E2
435422,C3
567237,C3
69257,C3
164885,D1
207747,C3
195285,C3
42347,C2
338452,E1
571647,C3
543706,D1
250080,E1
403942,D1
594491,C3
437555,E1
636742,D1
469442,D1
657297,B3
190316,C2
10213,B3
13998,B3
201297,B3
634925,E1
375815,D1
463938,C2
491743,E2
54400,D1
422412,D1
457111,C1
89528,D1
522522,B3
170993,C3
612557,C1
18796,D1
362379,C3
220057,D1
607013,F
477828,D1
139516,C1
10035,C3
36275,E2
572532,C1
507999,D1
46070,G
282990,B3
580590,C2
429301,C2
594251,D1
13585,D1
439473,D1
343952,C1
433979,C2
242453,D1
456327,D1
438713,C3
333139,C2
663201,C2
182153,D1
114265,C2
403638,C2
559597,E1
88407,B3
546987,A2
361172,E1
119607,C3
416576,D1
533336,C2
311579,D1
521618,C2
488849,B3
364932,D1
146779,E1
171025,D1
368288,D1
403880,B3
364948,C1
385448,C1
294692,D1
6244,B3
654874,C1
465494,C3
166970,C3
105276,C3
299893,D1
661986,B1
296899,E2
255212,E1
643117,E1
641663,C3
312442,C1
289918,D1
525534,C1
588221,D1
657333,C2
81428,C2
632113,D1
79900,E2
479547,B3
25211,C3
76480,B3
433452,E1
136487,C3
900,C2
380886,D1
26408,D1
233210,B3
273248,C3
657027,B3
662596,B3
227726,C2
572008,C2
224726,E1
398700,C3
294641,E1
386472,D1
142585,C1
22182,C2
113472,B3
180832,C3
451125,C3
542658,C1
218844,D1
107688,B3
562784,D1
146314,C1
245023,C3
642069,C3
655057,F
662070,F
314223,B2
75746,E2
250711,D1
337858,C2
25760,E2
371353,C3
212274,C2
631925,C3
109319,E1
280956,C2
52975,D1
192287,D1
502281,D1
579991,C3
1693,B2
550976,D1
35863,B3
385064,D1
134668,D1
153405,C1
634418,C2
97368,C2
329965,C3
591248,A2
31522,C1
427963,D1
489929,B3
397726,C3
648207,C1
519277,C3
572490,B2
134347,C2
590480,D1
326964,E2
419113,C2
588576,C1
296986,D1
236950,C3
357763,C2
213854,C2
165740,C2
423365,E1
418187,C2
79102,C3
592798,D1
428672,F
28527,C3
598636,C3
643545,D1
549253,C1
622347,B3
282586,C2
134425,E1
509338,D1
617212,D1
33622,D1
392095,F
630482,E1
347883,D1
222018,C1
299438,C2
359259,G
413047,E1
496683,A3
398966,F
575325,A2
462282,A2
620238,E1
102523,D1
494114,B3
31791,C2
569569,C3
205830,D1
525088,C1
470935,B1
397786,C3
358986,D1
120949,D1
119983,E1
324159,E1
359434,C3
606808,C1
520375,D1
399803,D1
643737,D1
443931,D1
65335,B3
151599,C3
325708,E1
512772,C2
227642,E2
240249,C3
295468,E1
275321,C2
100359,C2
636247,C1
345443,E1
162001,D1
58146,B3
417626,C2
232675,D1
443507,E2
378253,C2
477437,E1
330302,E2
83032,D1
10926,E1
579194,C3
112234,C3
428767,E1
236745,D1
54468,C2
104715,B3
303882,F
504271,D1
415285,C2
359400,C1
604703,C1
426528,C2
227153,C2
212191,C2
496682,C3
252102,C3
168452,C3
191582,D1
636654,F
172296,D1
525822,D1
610055,D1
360319,D1
653491,C3
284892,C3
646474,B2
545342,C2
619416,F
341548,B3
36551,E2
505637,G
204014,D1
619962,B3
553880,C1
235101,D1
46109,E1
408447,C2
84235,C2
218307,C3
298708,E2
155228,C3
199485,C2
199724,D1
259824,D1
232542,B3
267707,C1
124474,C3
513521,D1
147929,C3
275084,E1
394715,D1
66605,C2
418824,D1
12575,C1
251461,B3
637002,C2
550366,G
39560,B3
407854,D1
585304,D1
294867,C2
502789,E1
573079,C1
315861,D1
207523,B3
174520,C1
504276,C1
199028,E1
473672,E1
607245,E1
136696,C2
295659,C2
120193,B3
599089,D1
221973,E2
281786,A2
301429,E1
150324,C3
366682,C3
206174,E1
464410,C1
137498,C1
176751,C1
299444,D1
545419,B2
341436,F
30428,C3
611437,C1
202575,C3
327903,C2
273671,C3
228560,C3
371748,E2
314749,C1
246249,C1
75618,B3
435480,D1
373479,D1
6297,B2
501412,C1
339825,C3
642141,B3
382335,C2
61988,D1
547247,E1
272291,D1
283161,C2
529820,C2
577122,E2
466192,D1
397267,D1
642409,D1
84725,E1
180609,C3
13647,B3
417851,D1
267041,B3
225786,D1
141615,D1
389650,C2
428799,C3
625684,C2
229040,D1
520558,D1
323518,B3
51778,E2
381894,C3
591273,B1
391028,D1
489806,C1
264255,C3
594812,C2
504360,E1
176687,F
340791,C1
489552,D1
573390,C1
345085,D1
176960,C1
487096,C2
167663,C3
192028,C3
586302,C3
235880,D1
232190,C2
555360,A3
488839,E2
40076,B3
115855,C2
589811,C2
218816,C1
286700,F
365974,D1
316209,E1
606345,D1
543081,C1
225201,C2
637183,F
321877,C2
309752,B3
460183,C3
463738,C1
554260,D1
555559,C2
523958,B3
454996,C1
142797,D1
141233,C3
107477,C1
411660,C2
464508,C3
432458,C2
521141,F
40616,D1
619597,C2
377784,D1
559661,D1
429209,C3
272508,C2
520726,D1
183896,C1
205429,E1
341169,D1
312205,C2
409405,D1
404179,C2
498450,B2
296258,C2
300789,B3
58732,E2
300524,D1
407992,E1
39769,D1
474565,E2
48461,B1
120712,E1
607693,C1
310290,D1
228680,B3
519410,C1
566017,E2
406548,C3
608960,C2
659374,C2
3928,D1
591844,C2
542048,D1
281452,C3
361661,A2
121506,D1
210542,C3
442789,C1
255565,D1
427416,C2
661200,D1
283041,B3
366933,C2
197626,C1
530230,C2
24727,C1
533562,C3
573123,C1
172014,C3
633930,C2
12347,F
490775,B3
178932,D1
329839,C2
657248,D1
558066,C3
23251,E1
497067,D1
353964,C1
571006,D1
528851,C2
382171,C3
165303,C1
269723,B1
516459,C3
497216,C3
108339,F
344864,D1
358820,D1
17714,B3
80725,B2
252386,C1
272388,C1
34828,B2
123029,C1
316464,C3
198312,C2
201763,C1
295233,B3
452460,E1
310922,C2
641271,C2
538379,C1
187180,D1
351920,E1
534997,C1
528672,D1
656223,C3
15218,C3
133434,C1
247415,C2
65119,C1
397037,C2
394813,C2
268596,B3
620360,B3
587636,D1
1610,B2
70116,B2
548955,C1
27352,E1
112306,C2
429395,D1
639418,E1
358697,C3
33038,D1
528079,E2
125914,E1
172041,C2
141549,C2
601837,E1
373823,D1
595053,F
266514,B3
99224,E2
350646,C2
387151,C3
568456,C3
287016,D1
542104,C3
356872,D1
381172,C3
352211,D1
594200,C1
558645,D1
431577,E2
362387,E1
481744,B3
618967,D1
421,B2
284161,D1
609131,D1
483787,D1
32227,B2
455718,C2
603454,C1
368024,C3
169744,C2
360559,D1
393132,D1
309113,C3
119538,D1
92286,C3
487315,D1
380926,C1
139844,C3
433518,C2
568576,A2
56938,B3
64764,B3
35763,A3
159365,D1
661408,B1
370085,D1
348895,E2
627542,E2
429218,C2
596078,C2
74483,B2
221652,F
497103,C1
513927,C1
614894,C1
283024,C3
106362,D1
393985,C1
142199,B2
533044,G
435652,C2
130285,C1
661617,C2
225991,C1
464785,D1
259519,C2
505164,B3
47205,C2
340205,E2
415252,C2
278302,C3
55165,D1
36781,C2
507557,C2
414284,D1
529847,D1
457754,F
648136,D1
68281,D1
13722,C3
142242,D1
330554,C1
109109,C3
342692,C1
523927,C1
284659,E1
86105,C2
376864,D1
121283,B2
173792,B3
288466,D1
274016,C2
255067,D1
495525,D1
2131,B1
566958,F
158372,B3
384962,D1
532498,C3
468783,C2
439888,C2
359659,D1
480022,E1
230337,B1
329778,C1
464100,C3
407756,C3
487686,C3
625813,C3
174366,B1
120058,C3
583121,C3
186245,C2
487319,B2
74076,C2
4154,D1
57431,B2
658982,C3
354932,C3
173205,D1
147212,B1
112694,D1
599737,A3
437114,C3
252808,C1
583764,C3
298058,E1
287157,C3
7539,E1
499582,C1
629961,C1
429692,C1
226512,D1
196313,E2
234812,E1
256216,D1
324915,D1
41078,C3
458998,C2
452489,E1
507191,C1
36164,D1
383998,B3
126024,E1
314833,E1
478278,C3
200793,C3
220825,C3
608302,E1
259375,C2
306524,B2
644593,D1
443655,D1
536759,C3
600788,D1
139373,D1
367182,D1
649242,C2
491392,C3
170494,D1
305055,C3
461530,F
517163,C2
120896,C1
86152,B2
645355,C2
56086,C3
261899,C3
250298,D1
362691,C3
508790,E2
51517,C2
641596,B3
109566,B3
109934,C2
565939,D1
308181,D1
656591,C2
591928,C2
627508,C3
584590,D1
376925,E1
183374,D1
469413,E2
368729,C1
78983,B2
318621,D1
527688,D1
113598,B3
650434,E2
36006,F
190801,C3
65295,B3
326838,E2
242964,D1
51567,B3
171861,E1
343197,C1
184044,C3
28017,C2
131380,D1
27878,C2
287155,D1
90701,B1
347376,D1
443357,C2
257289,C3
342760,D1
122044,F
458954,D1
633654,A2
273936,C1
383610,D1
342203,C2
140927,C3
347659,B1
173191,C1
106058,D1
619500,C1
156844,C3
108862,D1
376190,E1
452887,D1
104994,B1
295230,D1
363947,C2
627787,C3
406496,C3
463782,E2
175290,C2
593402,B2
59442,E2
483179,C2
60247,D1
223836,E2
15529,C1
474907,D1
70313,B2
104484,C2
274241,B1
282292,B2
318172,E1
162172,C2
109748,F
635389,D1
281094,D1
220506,C2
353100,C3
137426,E1
555990,B2
277581,D1
274983,F
329608,C1
141511,D1
120877,C3
429783,D1
446462,D1
274166,E2
207374,D1
41467,D1
244845,D1
526172,B3
18644,B3
247370,C2
196121,D1
70520,B2
395094,C2
634662,E1
468755,D1
405564,B3
31167,B2
470208,C3
291961,C2
221076,C3
85040,C3
242849,D1
530283,D1
339385,B3
417566,C2
394309,C1
49727,D1
630910,E1
41871,C3
589445,B3
578905,D1
47703,B3
45059,F
126632,D1
528898,E2
22157,B1
643736,D1
478292,C1
323547,E1
216914,B3
510877,C2
250129,C2
199364,D1
294189,B3
575984,C2
455684,C2
658030,B3
1444,B1
321064,C1
118174,B3
107435,D1
168893,C1
190445,D1
20605,B3
648604,E2
196469,C2
195465,D1
240938,D1
614035,A2
321645,C3
526012,D1
521522,D1
436676,C3
583671,C2
165831,D1
504623,C2
249893,B3
136882,D1
342443,C2
145814,D1
634085,D1
248789,E1
636954,C3
559065,C2
459049,E2
458223,C1
476489,C2
394988,D1
288513,D1
474505,D1
245664,D1
549304,B3
648281,B2
255581,E2
472373,C3
257280,C2
198043,C1
634461,E2
617611,E1
266669,E1
219764,D1
366432,D1
199895,C1
22054,C3
609239,F
421615,D1
206370,C2
652561,C2
124151,C2
39034,D1
581930,C3
546015,E1
294581,D1
515013,F
593265,D1
239995,C1
641368,E2
14144,E1
217917,C2
612426,C1
442435,C2
108375,B1
464852,B1
37778,C1
303,B3
536776,D1
89123,C1
470740,C1
505579,E1
133964,F
296384,D1
305647,D1
219360,C1
447633,C1
223797,C1
626120,E2
263075,C3
631128,D1
350609,D1
206844,D1
389964,C1
339228,E1
406739,B3
56063,B3
394425,E2
375615,D1
119941,C3
211751,C1
51080,D1
245177,B3
517286,E1
182251,B2
55830,C1
548200,D1
463892,D1
35954,E1
56885,E2
217442,G
213480,B3
377221,D1
464330,C1
443475,C3
466425,D1
618698,B3
398687,D1
426391,E1
57359,C1
405840,C1
511901,D1
91476,E1
161360,D1
129311,C3
16825,B2
173560,C1
437359,A3
363337,C3
572040,A2
491662,E2
163643,C2
458147,C3
584945,B3
210076,C3
379761,D1
275593,C2
458368,C2
203015,D1
340002,B3
166960,C2
342613,D1
644587,D1
95332,C3
569039,C3
316871,F
237645,E2
173307,D1
145906,A3
286116,C1
256345,D1
327375,B3
352273,E2
363284,F
7802,D1
152109,C1
461866,E1
642974,F
607515,C3
486478,C3
262311,B3
553493,D1
246005,E2
644487,B3
528905,B3
181210,D1
387451,B2
578197,E2
97622,B2
188753,D1
161498,C1
612781,D1
294406,E1
380300,D1
308040,C2
22090,D1
409958,F
359236,D1
29694,E1
2624,C2
622418,B3
438695,B3
574963,C3
567102,C2
252383,C2
77019,D1
188459,D1
128182,A3
165905,C2
629464,D1
434340,C3
644126,E1
95760,C3
531970,C2
135873,C2
88446,B3
443867,E1
561477,B3
361053,D1
78743,E2
390306,E2
589734,C2
105116,B2
172437,C3
291406,E1
25263,C2
95161,D1
543634,D1
294068,C3
404319,B2
295622,D1
603651,E1
81843,C3
484312,B3
275308,C1
420111,E1
95660,C1
126760,D1
469820,D1
648644,E1
148396,E1
168866,B3
152515,D1
462222,C2
548651,C3
174461,C2
60793,D1
59054,D1
550067,E2
418063,D1
556835,D1
414958,D1
231974,C3
24235,E1
571855,C3
194727,D1
200008,C3
99027,C3
357343,E1
429349,C1
649725,B3
580783,C3
140282,B3
242078,C1
523334,C2
224384,C1
376787,E1
303293,F
437855,D1
630639,C2
500400,D1
21312,B3
507842,B3
516906,C2
160176,D1
479377,C3
360246,C1
448747,B3
102771,C3
65094,B3
321961,F
427639,E1
244208,C3
11284,E2
507488,C2
382066,D1
61675,B3
76842,E1
432539,D1
544098,C3
133936,D1
25351,D1
232831,E1
611136,D1
135969,F
116134,D1
13236,C3
179931,C2
320801,C3
229398,C2
349765,B3
59601,D1
245498,D1
402296,D1
29517,D1
555585,F
649011,D1
227355,D1
589302,C2
155415,C1
486255,C3
74925,D1
359015,C2
474563,C1
10157,D1
239374,F
428461,C2
653125,A3
214700,D1
304748,F
597479,C3
144970,E1
359432,B3
100289,D1
572060,C3
205349,D1
453540,F
157055,E1
465918,D1
215900,C2
148757,D1
652062,B1
445890,C1
505272,C2
81880,C1
425364,B3
158822,C3
360901,B3
56049,D1
103276,C1
340617,E2
382686,D1
627220,C3
650197,C3
587368,C3
202039,C2
285105,C3
319411,C2
399194,C2
147684,D1
165429,C3
330117,D1
653200,C1
16634,C1
557036,C3
396605,B3
393617,C3
411404,C1
218099,D1
258408,D1
30739,B3
619755,D1
642284,D1
461781,C1
423312,D1
393273,A3
81197,C1
621516,B1
439921,D1
430733,C1
34485,C1
311833,E2
650591,D1
384701,D1
518414,B3
252124,D1
646168,C3
153352,D1
579004,D1
221360,C1
162490,C3
457490,D1
419886,C2
395397,C1
495702,C1
34817,B2
539689,D1
236342,E2
307376,C2
325731,B3
565653,E1
604095,D1
355877,E1
548986,C3
239923,D1
521488,B3
129623,E1
247990,D1
128231,C1
625775,C2
40243,B3
415557,C3
414961,E1
150942,C3
165137,D1
361950,E1
398037,C2
623895,C2
62483,B2
368012,C2
526796,C2
550178,C1
417846,D1
89107,C3
525939,C2
439062,D1
285394,D1
216428,C3
553657,C2
125576,B3
246043,B3
417751,D1
175853,D1
55447,D1
560080,C1
248476,C3
127564,D1
553710,E1
290316,C3
180444,B3
64187,D1
529526,A2
100170,D1
478551,D1
439106,B3
60945,D1
601977,C1
206923,D1
618013,F
333661,D1
290851,C1
172272,C2
508855,B3
278812,E2
23745,B3
330568,C3
109376,E1
299436,D1
258436,C1
59783,D1
595252,B1
536469,C3
401017,D1
636806,C2
105737,C3
212455,C2
528510,C3
71481,C1
644090,D1
341679,D1
428007,D1
183386,E1
106155,D1
266163,C3
504049,E1
317154,E2
422953,C1
307966,D1
655421,D1
295326,B2
588986,A2
41586,D1
537802,C2
284537,D1
245842,C3
536882,E1
454613,D1
660194,E2
370494,B3
266690,E2
295337,E1
432165,E2
548243,C2
153550,B3
629017,C2
209607,C1
575537,B2
467072,E2
108057,E1
277526,E2
219129,C2
160625,C2
413231,D1
546690,E1
4366,C2
430203,C3
394128,B3
662052,C2
327749,G
348290,D1
265661,C3
460809,D1
115019,C2
328922,C3
458367,D1
294482,C3
614053,A2
206517,C3
478239,C1
9926,B3
245892,C3
553183,C3
659516,D1
485871,E1
265182,E1
214400,C3
85804,E1
470159,C3
59540,C2
644576,D1
354085,D1
588774,C3
521642,E1
579380,D1
600224,E1
533966,C1
126572,B2
538862,F
9546,B2
617017,C2
41215,D1
125821,C3
478989,E1
255516,D1
234990,D1
115028,C1
616540,C1
345812,C2
187731,C3
190199,C1
591302,C1
418992,C1
208643,D1
25208,D1
280472,C2
185603,C1
586568,D1
496240,E1
149375,C2
2712,G
90514,B2
412285,C2
238729,C1
375171,F
584099,F
152558,D1
79941,B3
337990,C1
627325,C2
307218,D1
530928,F
5727,B3
87057,D1
536404,C1
580069,D1
225977,C3
13835,D1
605301,C1
579647,D1
305648,B3
286722,E1
451753,C3
600686,C3
403450,E2
64552,B3
123458,C3
627414,C3
238546,C2
29950,F
115967,C3
328870,C2
612482,C1
642331,E2
427533,C2
537698,D1
214883,C1
619488,C2
84718,D1
510911,C2
371686,D1
284410,C1
437483,D1
663436,D1
17542,C3
337432,D1
522329,B3
54273,D1
341514,E2
570348,D1
342141,B3
495673,C2
658025,C2
186323,B3
572713,D1
531517,F
60908,D1
578181,B3
576791,C1
99404,D1
543659,D1
255567,C3
542769,C2
86258,B3
356621,F
115974,B2
87796,B3
423886,C2
386975,C2
41145,B3
176698,C2
293528,C2
352722,C3
20271,C3
285874,D1
518453,B3
476637,C1
659376,D1
515366,C1
52583,B2
193533,C3
526183,G
89343,E2
573613,C2
475654,C3
410680,B2
477604,C2
589501,C2
60457,B2
599946,C3
475637,C2
561277,C1
512473,D1
301204,F
265920,D1
81045,D1
577698,E1
445632,B3
534305,D1
541858,C3
530348,D1
145037,C2
524671,C2
374389,D1
457873,C2
296090,C2
641348,D1
192672,C3
571997,D1
466899,C2
349699,D1
223654,D1
282709,C2
376748,C2
644006,E1
180142,B1
162960,C1
341952,E2
3852,D1
125274,C2
217060,C3
302265,C3
320609,D1
470582,D1
458771,C2
93734,B2
490978,A2
483740,C3
190725,C1
124598,C1
491098,B3
409131,C3
27994,B2
74635,F
247996,D1
145304,E2
646213,B1
183454,C1
434138,C2
585052,C1
28355,C1
613159,B1
97520,C1
525788,E1
525095,C1
490585,D1
442498,B3
345708,E2
418567,B3
169182,C1
214573,C3
104275,B3
172434,D1
231600,F
214859,E1
312753,C2
271514,F
512850,C2
609079,C3
323714,B3
539283,C2
488811,C1
248951,C1
628695,C2
482366,C1
286706,D1
287532,C3
390369,D1
455860,D1
658933,C3
383449,D1
614413,B1
6594,C2
600645,D1
383746,D1
36652,C2
622233,C2
409359,F
24646,B1
429550,C1
23590,C1
27016,F
542626,B3
513505,D1
22400,B2
443266,C1
349514,G
160868,C1
8073,B2
265003,B2
238530,B3
87083,D1
113246,B3
126144,D1
370624,C1
64066,C1
1512,B2
91640,D1
636453,C3
25901,C3
28547,B2
198034,C3
493880,D1
582887,C3
410540,C3
364530,C3
563611,C3
429327,D1
30042,C1
594263,C1
45620,B3
38635,B1
278726,D1
190800,C1
474144,C1
548284,C3
458994,C3
332176,D1
376826,A2
557604,C2
265148,C2
227530,E2
484074,D1
179234,B3
417790,C3
164723,C2
633309,B1
466387,C1
514386,D1
660702,C3
28510,B2
377832,E1
123173,C3
608668,E1
320214,E1
218461,D1
184308,E1
630980,E2
73728,D1
439227,B3
458887,D1
182819,C3
132858,D1
581497,C2
349754,C2
360892,E1
85688,D1
336111,C3
660566,D1
177931,D1
188907,C2
453126,B3
224961,D1
450420,D1
464626,D1
532264,B3
491443,C2
391167,D1
205739,C3
604861,A3
196594,D1
651760,F
290143,D1
86133,E2
376242,E2
111786,D1
539168,C3
20407,C2
162274,C1
267763,C2
431082,C2
266995,C2
433846,E2
278785,D1
21151,B3
95186,B2
494370,F
549052,D1
588236,E1
453808,D1
38109,D1
368247,C2
397553,D1
52085,B2
290689,C2
273706,B3
45656,E1
98553,D1
390713,C2
505860,E1
294648,C1
457030,C3
603599,C1
418692,D1
193655,D1
557857,D1
503807,D1
296995,C2
71057,E2
543182,B3
602150,C3
627769,B3
366230,E1
255843,C2
170585,C3
339276,F
168137,E2
432115,D1
245835,D1
336891,E2
241168,B3
531092,C2
468094,B2
529371,C2
8617,B2
522293,C3
95774,B3
335820,C1
614989,C2
536676,C3
522515,C2
647070,E1
421502,B3
238458,C1
612353,C1
474591,D1
109270,E2
241496,C1
633647,C3
582654,D1
243398,E1
474829,D1
7664,E1
185042,C3
554413,C3
411763,C2
41926,B3
576457,C1
406828,C3
565804,C2
627199,C2
234356,F
396241,C1
564357,C3
601582,C2
254421,C1
1626,B2
291078,D1
193168,C3
309038,D1
588250,D1
404407,F
66653,B3
385784,F
410598,A2
100425,B2
273875,F
150198,D1
597201,D1
104262,C2
653856,D1
600310,C1
412973,C2
238133,C1
606553,C1
569853,D1
465852,D1
442181,C1
328698,C3
385104,C3
344018,E1
103979,C3
187590,C1
297569,F
590085,C1
325113,E1
582482,D1
523605,D1
179255,D1
201152,C3
624425,C1
654997,C2
345115,C1
628910,D1
47996,B1
376303,D1
97600,B1
143989,C3
32114,E1
77459,B2
354862,C3
529410,C3
375328,C2
604087,C2
191300,B3
369480,D1
654508,E1
558535,B3
77140,D1
357596,E1
57411,E2
138712,C3
161886,C3
649949,B3
406062,C1
164021,B3
187395,C1
262633,C3
417433,C2
556153,C1
293197,C2
389154,E1
301248,C1
2698,D1
300967,E1
278831,C1
8019,B3
386032,D1
611815,D1
420535,C1
499831,E1
316268,C3
3747,B2
491711,D1
55114,D1
452384,B3
251286,C2
85811,D1
386726,C2
62673,B3
338250,E1
558668,A2
237628,C1
139638,C2
404794,B3
18907,D1
518111,D1
19169,E1
421526,D1
352497,D1
112937,E1
451206,C2
266100,C1
625072,C1
337793,D1
656338,E1
126354,E1
40375,C3
147214,C1
566590,G
187573,C3
264424,C3
619370,C1
241714,D1
619541,C1
486129,C2
216246,C3
547198,B3
565133,C1
296452,C1
21354,D1
620337,D1
137055,D1
107413,F
330066,B3
596902,C3
633863,C1
576116,C3
415719,C2
370899,C2
305890,D1
47831,B2
459795,D1
611257,C1
419119,E1
298186,D1
178307,C3
458314,C1
4354,C2
13199,C1
507006,E1
559944,D1
259964,C2
169809,E1
523156,B3
214549,C3
562115,D1
467088,D1
340036,E1
489144,E1
649085,B1
75358,D1
473185,D1
59483,D1
536493,C3
454327,E1
240536,B2
644741,D1
232829,C2
249062,C1
612775,B3
175070,B3
283340,C2
381300,C2
190751,C3
431274,C1
267038,C1
42931,D1
588935,C2
298220,C2
98602,E2
76898,C2
228950,D1
428414,C2
640382,C3
15668,B3
609053,D1
641031,C2
655820,C3
104656,E1
146298,E2
296340,C1
101187,D1
432622,D1
388614,C1
366602,C2
433937,C2
348454,C1
82143,B3
16183,B3
12333,D1
343750,C2
235208,E1
32732,C3
415373,C2
645508,C2
170672,C2
4901,E1
204475,D1
141634,C3
244570,B1
367492,D1
574296,A2
646552,C1
323004,C3
425280,D1
56105,D1
594976,C2
203578,D1
234948,D1
255506,D1
285837,C3
640457,F
494420,C1
127887,E1
617250,E2
232250,C2
364518,C2
269883,D1
159037,C2
439499,F
162727,E1
386809,C3
144975,C2
132002,C3
470548,C1
565486,C1
206676,D1
19706,B3
380493,D1
395200,E1
320646,F
163629,C1
212266,C1
266573,C1
547453,C2
200230,C3
489169,E1
151826,B3
236979,C3
563235,B3
51925,E2
464175,E1
256318,D1
168986,D1
253051,C2
585106,B3
636379,B3
190553,E2
340032,C2
415020,C2
456418,D1
539961,D1
344285,C3
577448,C1
577521,B1
293782,E1
461544,B3
354686,F
248884,E2
113499,B3
444827,C2
560473,D1
427341,D1
101577,C2
575919,A3
433548,B3
656159,D1
461403,C1
363058,D1
420324,D1
616427,D1
627319,B1
456888,C3
230001,D1
515842,C1
474878,D1
594324,C2
313660,D1
438704,B3
662136,C1
391850,B3
492065,B3
643417,G
580475,C1
199318,B1
566342,C3
383131,E1
14182,C1
486751,D1
452399,C2
129294,D1
366723,C3
614113,C1
493410,A2
372001,E1
339494,B3
396915,B2
384355,E1
3188,D1
220908,C1
323860,C2
388173,C3
132802,D1
392117,C2
566841,C3
44639,B3
76409,D1
322600,B2
180992,C2
20704,B2
130071,B2
87827,B2
1405,B2
585034,C1
15322,B3
421698,D1
433300,D1
529200,A2
92944,C3
256014,F
170710,C2
580888,E1
441476,C3
14665,D1
388751,C2
179730,C2
604734,C3
590291,C1
270308,C3
329420,D1
203141,C2
420554,A2
262442,D1
129598,D1
573111,B3
521497,C1
392254,D1
570297,C2
619571,G
551112,D1
308172,C3
272722,C2
233903,E1
323680,B2
99405,C1
642893,B3
238253,C3
148675,D1
228254,D1
224767,B2
89304,E1
269123,D1
550912,C2
253356,B3
425331,B3
587897,C1
9682,E1
194144,C3
369406,D1
389113,E2
106202,D1
430819,C3
264821,C3
391721,E1
99709,C1
217448,C3
489715,D1
92006,F
471838,C1
279382,D1
612356,C2
89954,D1
387723,E2
294045,E1
70816,C3
572337,E2
646965,C2
507092,C1
32455,C1
517118,A3
636204,C3
40202,E1
154526,C3
153731,C3
233311,C3
246641,C2
536416,C1
630739,C2
124614,C2
457603,D1
197027,C3
447278,B3
279067,D1
94408,D1
522624,C1
396810,C2
560628,C2
267941,D1
439469,E2
77206,D1
113917,C3
10673,D1
608012,C2
647405,D1
144851,C3
500317,E1
257110,D1
547637,C2
610997,B3
395290,C1
244308,C3
395264,C2
468054,C2
239080,C1
566911,C1
295708,C3
451234,C2
408299,D1
22128,C2
273171,D1
91415,D1
427353,E1
384986,C3
20624,C2
630001,D1
588003,D1
354067,D1
427939,C2
31344,B1
81504,C1
113801,C2
187685,C1
334434,D1
249019,C3
116506,C1
591765,E1
185562,C1
640080,E1
134890,D1
201857,C3
214611,B3
470417,C3
321194,C2
398841,C3
520900,C1
141476,D1
473894,E1
511231,D1
351879,C3
321746,C2
163185,C2
417505,D1
87910,C3
236237,C2
363758,B3
172547,C3
524399,B3
523053,C2
552639,C1
635107,B3
315953,D1
158291,C3
539275,C3
629341,D1
586024,C3
379893,D1
227842,F
182879,D1
503995,C2
542238,E1
332646,C2
185305,C3
213203,B3
353725,C3
372566,B2
590297,C1
534264,D1
412713,B3
173550,E1
523980,E1
608829,A2
547220,D1
73432,C2
469057,A2
385212,C3
603443,B2
130881,C3
230746,D1
647804,F
176292,D1
121557,C3
46615,B2
108875,B3
61498,D1
616382,B3
627358,D1
452874,C1
380128,G
66424,B2
44520,E2
53517,B2
64656,E1
204298,C2
196249,C1
29408,E1
164893,C3
163175,D1
416650,C1
67089,B3
512690,A2
47656,C3
312663,C2
404798,C3
482347,E1
318627,G
246898,C3
452301,C3
553336,B1
424373,D1
138175,E1
556809,C2
160998,C1
573857,D1
352917,B3
536383,E1
323,B3
231185,E1
198953,B3
635865,C1
381328,E1
201505,D1
197939,B3
595070,C3
189523,B1
541478,C2
490031,C1
423016,D1
594300,D1
252307,C1
295794,B3
465751,B3
351598,C1
460485,D1
354499,D1
90041,C3
52030,E1
143059,D1
201273,D1
476031,B3
444543,C3
344002,C3
491650,C1
246135,D1
539857,F
13551,D1
184328,E1
625742,C3
218599,F
172721,D1
481222,C2
621101,D1
453407,B3
328784,C2
333912,C1
649352,E1
545308,C1
508799,E2
489127,D1
377248,C2
164149,B3
428560,F
75692,B3
140087,B3
573681,A2
399710,C2
184293,E1
636083,C2
295802,D1
480540,C3
642296,C3
639306,C2
357424,C1
36756,B2
504716,D1
564779,C2
400597,E1
322170,C3
252271,F
412812,B2
407775,E1
273871,C3
291888,B1
318251,C3
634209,D1
436414,B3
276541,C3
319700,C3
346229,C1
634069,A1
164030,C3
240119,D1
635653,D1
489438,C1
599070,E2
599597,C3
474175,D1
140766,C3
468260,C3
475105,D1
8406,C1
56273,D1
92461,D1
571427,E1
550672,B3
578018,D1
327212,D1
284896,B3
546241,D1
276773,E2
21227,D1
219056,E1
552172,D1
485783,F
351552,D1
264834,D1
169491,D1
434966,F
33859,E1
310942,E2
526175,C1
362121,D1
145737,C2
234731,C3
316557,D1
462414,C2
466865,D1
427815,D1
377103,C3
131078,B3
200512,C3
19855,D1
500843,C3
187152,D1
293585,E1
565026,C1
281907,D1
584487,E1
566735,C1
418929,C1
67014,B2
214249,C2
499986,D1
61015,F
657436,B3
413950,C2
258889,C2
531452,C1
122629,D1
275437,C2
547891,E2
150138,D1
504100,F
609573,C3
607225,B3
387242,D1
387323,C3
640925,C3
445140,D1
456921,B3
259771,D1
264733,C3
83331,C2
96170,C2
399767,C3
256051,C2
597038,F
80139,C3
565666,D1
484120,D1
212278,F
218542,C2
637792,E2
602955,F
293758,D1
284063,D1
214127,C1
168911,C2
26893,C2
534863,B2
239595,C3
240433,C1
526105,D1
612070,C1
544149,E2
652219,B3
116136,D1
318070,D1
163235,E2
154712,C1
228927,E1
350066,D1
59864,G
462607,E2
641294,C3
539088,D1
311489,C2
447590,C3
286242,C1
235237,D1
271824,D1
573112,C1
19743,E2
491189,E1
595629,C2
152578,C1
540353,E1
268422,C3
95509,C3
407790,D1
364919,D1
3751,B2
53522,C2
250741,D1
243991,E1
32976,D1
171028,C2
153799,D1
424503,A3
459087,D1
399891,D1
235200,E1
247436,C3
415575,C2
648314,E2
544754,F
224181,C1
660597,D1
63939,D1
503496,D1
398861,F
148276,F
398304,C3
565824,E1
347161,D1
655565,B1
646759,B3
535570,C1
556457,A2
117919,B3
390431,C3
611447,D1
248944,C1
557066,B3
24018,D1
556189,E2
469197,C1
496732,D1
111559,C1
288368,C1
56379,E1
423907,E1
203504,D1
526412,B1
531828,D1
446941,C2
59357,B3
498916,C2
450272,C2
365385,C3
94373,D1
359194,B3
400071,D1
74894,C1
446400,C3
101903,B2
542564,C1
391571,E2
416894,D1
97788,D1
511940,D1
260009,B2
48882,C2
217353,C3
301015,C3
59995,D1
585538,C2
307080,E1
148133,C1
265843,B3
616943,D1
235601,D1
394541,E1
578696,E1
547480,C3
609699,C1
583830,C1
400773,C2
72333,B3
89827,D1
583451,B3
304800,C3
284218,C2
167388,C3
632224,E2
26728,D1
57893,D1
582632,B3
184841,D1
639995,C2
232127,C3
542390,C1
395041,D1
2144,B2
615574,B3
381689,E1
552696,D1
321937,C3
24094,E1
529967,C3
105590,B3
85691,D1
526469,C3
211623,C3
46117,E1
121368,C1
550710,D1
615461,C1
608260,D1
53698,C1
402441,C1
555509,A2
195535,B3
193648,D1
79589,B2
407061,B1
589721,E1
517668,C2
583555,D1
352025,D1
330818,C3
315288,C1
658114,C1
569022,C3
170122,B3
611686,A3
261257,C1
606910,A3
589151,B3
650312,C1
562548,C2
21858,B2
296652,D1
639501,C1
620810,E2
407217,E1
424724,C3
3943,E1
168496,C2
184403,C2
572939,E2
389357,C2
301239,C1
503322,F
305269,C3
353588,D1
655787,C3
663421,B3
131299,B3
519144,A2
378906,B3
138353,D1
619840,C1
127526,C1
605220,D1
463659,C3
20583,B2
164773,C1
530991,E1
513869,D1
18369,C2
519178,C3
286862,D1
426428,C3
96480,D1
558962,C2
632274,C3
276079,C3
505893,A3
492939,C2
344030,D1
517028,C2
291975,C3
394354,B3
299730,F
143916,D1
304475,D1
85821,D1
90440,F
400164,C3
151957,C3
533401,E1
562992,D1
414161,D1
125014,C3
323133,C2
587354,F
229088,D1
644344,D1
413516,D1
405078,E2
369588,F
334221,D1
631019,D1
136138,D1
325133,D1
136155,C1
389989,C1
278167,C1
459390,C1
417147,C2
651270,C1
28039,C3
161417,C2
31602,F
605454,E1
492324,D1
155770,C2
282844,D1
166675,C2
147946,D1
43843,C3
81860,C1
175221,C1
26287,C2
381826,E2
578549,B2
645263,C1
490132,C2
316653,D1
295040,D1
49633,E1
651464,G
547817,F
380071,E1
617311,D1
492170,B3
11176,C2
238830,C2
144486,D1
321053,C3
362156,F
381254,C3
609861,D1
436581,C1
21974,C3
245922,C3
318714,C3
304532,E1
430910,D1
195495,D1
615204,C2
488678,D1
568432,C2
19886,C3
14122,F
193850,E1
276373,D1
487836,B3
20406,D1
210313,D1
6243,C1
285520,B3
410401,C3
305256,B2
251869,C2
345924,B1
425264,C1
565301,B3
486863,C2
466665,D1
230321,B3
245072,D1
90460,B2
617584,F
345017,D1
635833,C2
60562,D1
304472,C3
574972,C1
78134,D1
529014,D1
414192,C3
545731,E2
610961,E1
301622,C3
655074,D1
493577,C3
196603,C2
502489,C3
215885,B3
136813,D1
148112,E1
111614,B2
445796,D1
499899,C1
67903,D1
435910,D1
55281,B2
273332,C2
614985,E2
642788,D1
41539,C1
507226,D1
155209,C2
213605,D1
377199,E2
507543,C2
154153,D1
129062,D1
471635,D1
26677,C2
127816,D1
608558,C2
419020,D1
163157,C2
389653,E1
346877,D1
257019,C3
646062,C2
105285,D1
10600,C3
413652,C1
638304,C2
367210,D1
457729,C1
429974,B1
187508,D1
576119,D1
398760,D1
572082,C3
333286,C2
565036,C2
509428,C1
483254,D1
322134,D1
455164,A2
619007,D1
503587,D1
231111,D1
294299,C2
324911,D1
59798,D1
207324,C2
278249,C2
442942,C1
633746,C3
340243,D1
474267,C2
260424,C1
655886,D1
41814,C1
135123,B3
52003,D1
215601,D1
198871,D1
456403,B3
324215,C3
214843,C3
336678,D1
170271,D1
394103,C1
400664,E2
520032,B3
172113,D1
602271,C1
509468,C1
476298,C3
171690,B1
546947,C2
273038,C3
604508,C3
148265,C3
522765,C3
620231,C3
163407,F
107468,C1
87609,B2
241179,D1
79452,F
88066,E1
312568,D1
498571,C3
592857,C2
607598,C2
147356,C2
352731,C3
391353,C3
34719,C1
322994,C2
102382,C3
592533,C2
115225,D1
460264,C3
114318,B3
209568,D1
32347,B3
112836,C3
181469,C1
199638,D1
432394,C2
195685,D1
428313,D1
575753,C2
218663,C2
25636,C3
182872,D1
489486,A2
530021,C3
144290,C3
445426,D1
589523,C3
452056,D1
218625,D1
608653,C2
209935,C2
322507,D1
232475,C2
49026,C2
549726,C3
550002,C3
447087,A1
268693,D1
46878,D1
529640,E1
507599,C2
317086,C2
387450,C1
608862,E1
3030,C2
607763,C1
363312,B2
75491,B3
336050,C2
34689,C2
327049,D1
626073,C1
52888,D1
141506,C2
115167,C3
591289,C1
333594,C3
460112,D1
123235,C2
299822,E2
181674,B3
553448,A3
637959,C1
98623,B2
26986,D1
270952,E1
524664,E2
552742,C1
558781,D1
255220,D1
58749,F
433737,C3
229315,C2
415241,C3
618216,D1
380338,D1
410258,C2
214963,D1
383125,E1
7812,C2
35702,C1
661750,D1
9559,B2
455870,D1
577551,D1
386120,C3
436714,C3
88054,E1
45691,D1
1212,B2
441803,C3
464215,B3
186865,C1
585296,C3
56249,E2
72748,C2
26029,C1
142032,C3
412405,C1
167165,D1
347514,E1
290262,B2
623137,E1
74728,B1
32941,C2
250762,C3
526785,E1
385640,C2
540918,E2
490138,E1
404864,C1
594222,C3
40370,E2
20930,D1
560542,F
647229,C1
2999,D1
551843,C3
464498,C2
151914,D1
501981,C3
81157,G
574267,C2
327243,C3
521610,F
614859,C1
410566,C2
152157,D1
626743,C3
65177,C2
434066,D1
129652,C2
600582,C3
457432,D1
237606,F
132410,D1
355479,F
105589,B1
247526,C3
192661,C1
161349,D1
587795,D1
357787,C3
114466,D1
653425,B2
304301,B3
603325,F
426383,C1
554786,E1
376817,C2
57692,B2
593043,D1
345751,C1
516318,E1
391641,C1
471739,D1
77813,E1
87905,C3
62071,C3
220927,D1
88465,C2
533575,E1
340621,C1
25506,C3
332707,C2
575736,C3
306953,D1
300752,E1
615340,B2
484059,C2
599354,C2
285630,B3
454152,D1
167008,C2
545908,C2
24943,C1
279492,C1
112078,D1
179454,C1
464416,D1
253768,D1
25108,D1
603969,C2
391418,C1
503306,C1
136082,D1
315023,C3
513915,C2
463794,F
447348,D1
294943,C2
453786,C1
315677,D1
331923,E1
590257,D1
261791,B3
377278,D1
74897,C1
107188,C3
28000,C3
127692,C1
279866,B3
215442,C3
638789,D1
533793,C1
33331,F
32517,C3
179187,D1
669,C1
217566,E1
512933,D1
327174,B1
479595,C3
283173,B3
604774,E2
408620,C2
88100,C3
563764,D1
49352,B3
119048,C1
8325,D1
353495,E2
660246,D1
535328,C1
591687,D1
444109,D1
448166,C1
216337,C2
465626,B1
291561,B1
119615,B1
77776,C2
564138,D1
403773,C3
478290,C3
74848,D1
556760,B3
61089,D1
413233,D1
118263,C1
155379,B3
237673,C1
186495,B2
202228,C2
220081,C3
251544,C3
298165,D1
523135,E2
633217,D1
139689,B2
145720,C3
413462,E1
452600,B3
505722,C1
635806,B1
128720,D1
157428,C3
422616,C3
215461,C2
452854,B2
91196,C3
413878,E2
79270,D1
458966,B3
519933,D1
335935,D1
233810,C3
72096,C1
149203,C3
615053,E1
352736,D1
604931,D1
262718,C3
623214,C3
500312,C2
583773,D1
416077,D1
630127,C1
366367,C2
338078,C3
327343,C3
418392,F
249785,C1
16385,F
23186,B3
581560,D1
341684,G
448394,B3
545605,C2
89710,C1
90474,B3
219936,C3
111140,C1
15274,E2
474177,D1
567688,B3
282469,D1
163217,C2
342536,E1
177049,D1
279176,E1
143363,B3
643995,C3
14876,B2
84930,C2
81814,B2
495801,D1
146117,C3
461831,C2
563253,F
528561,C3
584257,C2
520720,D1
210177,C1
479887,C3
525020,C1
171071,C2
430292,C3
578894,D1
57857,D1
148226,D1
470634,C2
521480,C3
339468,B3
135391,D1
98669,D1
11392,B3
146041,C3
372432,C1
572829,B3
19887,D1
289260,D1
21698,B3
578740,B3
294910,C3
400704,C2
289670,C3
604706,C3
287245,C3
606642,C1
631274,C1
167115,C1
501494,C1
420942,C1
6976,C1
147057,B3
445458,C1
122252,D1
126332,C3
9163,C3
535782,C1
315842,D1
383979,D1
658972,E2
214682,C3
656184,B3
228835,D1
193087,C3
243521,C2
43206,C2
347949,C3
445107,B1
119542,C1
652417,C1
640562,D1
517894,B1
636944,A2
212572,C2
275918,E1
393936,D1
640759,E2
83882,E2
649665,E1
495970,B3
471537,C2
555015,D1
241478,C2
593790,C1
38752,C3
362859,C3
487848,E1
526220,C1
627910,D1
81451,C3
142408,E1
249658,F
256096,D1
356420,C2
467792,D1
78176,D1
517007,C1
384846,E1
83744,D1
596265,D1
433508,A3
380860,C3
237476,D1
408926,E1
363038,D1
121362,C2
312701,C3
277322,C2
280343,C3
649304,C1
441935,C3
122161,C2
575321,A2
67683,B3
550752,C3
77556,B3
86778,B2
303787,C3
512173,C1
9348,C2
23515,C1
121089,D1
391283,C3
207764,C3
4519,B2
87251,C3
225022,C2
408143,D1
414902,E1
74614,C2
528761,D1
113136,B3
365190,C3
327789,B3
563457,D1
296603,C2
274752,C3
56898,C3
505220,D1
50427,B3
251479,D1
627975,C2
342418,B2
597563,C3
29312,F
58948,B3
53416,B3
649142,C1
43888,B2
519761,C1
76923,D1
334212,E2
313363,D1
138508,C3
93677,D1
268775,D1
646564,C1
614934,D1
410231,C1
550075,D1
395609,E1
265157,D1
444646,B3
620434,D1
103335,C1
423974,D1
49196,C3
292423,E2
466536,B3
251044,D1
370239,D1
643600,D1
174952,B3
464603,C2
255367,C3
79864,A3
191461,B1
494824,E1
452902,C2
568557,C1
541215,C1
122887,C2
8377,C1
130475,C2
20230,B2
289366,D1
572288,D1
109583,C2
426726,C3
200394,D1
299792,C2
218777,E1
287415,D1
463801,C2
246749,C3
125417,C2
392658,D1
169594,C2
379593,C3
109214,C3
115825,C2
406336,C2
306234,C1
507354,C2
548386,C2
87789,C2
355364,F
428110,C3
122639,D1
342511,B3
422538,C2
447063,D1
640832,E2
314800,D1
488624,C2
568437,C1
66443,C3
636196,B3
175974,C1
1927,B1
658010,C3
150147,E1
352658,E2
523584,C2
281057,C3
449667,C2
306549,D1
500749,D1
74460,D1
480451,C2
176640,C3
607749,E2
298485,D1
599825,E2
398604,B3
211900,C3
504965,B3
650463,B3
302171,D1
336675,D1
478757,C1
339605,A3
239309,C1
337182,B3
372401,E1
305638,D1
615359,D1
296323,C2
367140,E1
58011,D1
374695,D1
571800,E2
34605,B3
349317,E1
208276,E1
332405,B3
95783,C1
3794,C2
418662,D1
204701,F
557536,C1
506570,C1
47110,B3
346073,B2
404085,F
538674,E2
500362,E1
458902,D1
609191,C1
283544,D1
36817,E2
468137,C2
188735,F
361008,C2
369079,C3
546119,C1
177164,C2
498572,C3
118670,C2
579687,B3
311206,E2
273034,B3
536170,E2
111020,C1
12090,B3
470709,E2
443474,D1
299326,C3
460729,B3
416115,C2
162315,D1
299359,C1
163060,D1
84357,C2
312762,B3
364550,E1
362397,D1
654036,B3
80814,B3
141251,E1
554138,C3
557315,D1
474635,B3
64892,C2
441356,B1
633929,E2
658894,D1
119840,D1
207673,C2
534951,E2
32060,E1
334005,B3
195385,D1
635760,C3
151312,C3
260523,C3
150824,C2
474441,E1
363217,C3
185108,C3
74229,C1
354909,B3
265402,D1
28926,C3
264137,C1
555804,D1
576496,C2
546567,C3
318818,B3
328085,D1
136253,D1
424390,B3
606525,D1
442093,D1
426019,G
23469,D1
330348,B3
603007,D1
463594,C3
40480,E2
611780,C3
475600,E1
263235,B3
243462,C3
120980,C1
136005,F
476085,D1
262463,D1
440945,F
331054,C3
435779,C3
24840,B3
70026,D1
536377,C3
584380,E1
139229,E1
161009,D1
184992,C3
148170,C3
15077,C1
640077,C3
560814,C2
133249,D1
605318,C2
266705,C3
254573,B1
356810,C2
501388,D1
414629,C3
606631,E2
324807,D1
181834,C3
567882,C3
135655,C2
2216,B3
221578,C3
536746,C2
441681,C2
542354,C1
259328,C2
181440,C2
660909,F
424227,C3
237826,D1
481849,C3
605027,E1
282030,B3
273180,D1
596039,E1
117095,C1
656207,C2
329106,E1
348878,E1
510316,C2
636313,C1
174436,D1
640096,C1
74325,C2
301985,C3
307062,C3
501900,C2
242370,C2
225611,C2
60730,D1
226885,D1
517989,A2
151262,B3
202901,C2
31575,C1
315656,D1
356642,C3
515365,C3
535532,C3
17339,B3
603356,C3
140834,C3
404298,C3
153147,D1
64426,C3
255714,E1
256991,D1
105958,E1
203342,B2
319295,D1
643172,A2
627782,C2
600153,C2
646272,D1
325208,C2
543535,A2
334876,D1
69096,C2
101216,C3
157446,E1
571435,C1
143478,D1
419388,C2
381275,E2
396805,D1
269222,D1
629537,C2
384232,C1
433874,B3
371100,C3
181710,E1
318806,E2
277213,D1
568438,C3
448987,B3
57057,D1
371211,E2
52442,B2
217075,C2
240479,F
434078,C2
254799,D1
597332,E1
113664,C3
520574,D1
219254,C1
639364,G
167437,C3
247108,D1
399347,D1
588190,C1
126882,C2
443173,E1
596582,C3
645419,E1
232983,D1
638270,B3
302865,D1
24539,D1
157418,C1
192045,B3
211155,C2
71595,C1
279938,C1
79399,C3
649686,C2
133615,E2
303703,D1
144930,B3
408445,B3
514426,E1
623781,E1
387590,C1
178977,C1
103889,C1
591288,D1
490387,B3
334909,F
336043,B3
448103,C2
588002,C3
14042,C1
187349,D1
91844,A3
181333,C1
188553,C3
389434,D1
190143,C3
452117,C3
275625,D1
180125,B1
399021,C1
580390,D1
171371,E1
129001,D1
375214,C3
610195,C1
33137,B2
228581,D1
165713,C3
562717,C2
477586,D1
652060,B1
651945,F
176876,D1
511472,C1
2753,C2
276601,C3
239529,C1
320067,C2
546278,C2
487005,E1
198864,D1
81088,D1
404485,C2
608765,C3
203072,C3
392009,D1
371243,D1
611979,B1
237878,C1
535202,C2
38182,D1
571738,D1
3693,C1
400453,C3
170234,B1
520778,D1
502157,D1
64895,E2
392171,C3
210062,D1
107060,C1
234634,D1
581204,D1
319449,C2
57986,B2
404318,C2
342608,E2
41412,E1
207353,D1
302930,B1
50200,E1
594572,D1
602593,D1
330921,C3
532305,C1
43855,B2
334860,C3
633368,D1
334079,B3
16671,D1
113931,C3
444942,C3
181732,D1
245863,D1
290331,B3
158381,C1
163619,D1
638353,C3
618294,C3
61483,B3
455521,F
262696,F
304193,C3
154855,C1
9973,E1
412892,E2
111637,C3
96043,D1
363354,B3
628444,D1
596223,E2
71483,C1
221530,F
66279,C1
24188,B2
387292,E2
195140,C3
173644,D1
643816,D1
130751,C2
148058,B3
297920,E1
100022,D1
491485,C1
504255,C2
467169,C2
470770,C1
460135,D1
150201,C1
286677,C3
617616,C2
80570,C3
554005,C1
599695,D1
513077,E1
130341,D1
221235,C2
17182,B3
310116,E1
635675,C1
339721,C2
591706,E1
124320,D1
517269,C3
543192,C1
92716,B3
323306,D1
2119,B2
150878,D1
591909,A3
354475,E2
248146,C1
160364,C2
26942,C1
288570,F
379604,C1
246891,E2
412844,D1
18589,C3
207676,C1
207897,D1
90489,E2
266439,C2
491354,E1
619573,E2
442186,C3
468066,C3
166630,C2
178561,C1
482521,C2
8023,B3
96481,D1
473215,C2
441827,C3
205029,C3
214520,E1
650352,C2
585477,D1
542209,B3
44306,B3
306807,C1
661385,B1
274265,C2
12262,C1
316825,C3
445091,B2
265866,C3
535149,C1
578688,C2
294921,D1
513703,C1
266736,C2
351061,E1
624264,C1
525689,E1
264901,C2
621266,D1
662213,D1
137971,C1
209049,D1
322401,C2
225421,C1
647388,E1
335113,C2
73943,B2
463742,D1
238200,B3
537419,D1
70280,C1
240635,C1
145175,F
240770,E1
225900,C3
253225,D1
606500,A3
237744,C3
419583,B3
556498,C3
292813,C2
617938,F
256308,E1
422055,D1
101523,E2
457210,E1
182956,D1
582321,E1
398147,E1
602630,B3
280098,C3
584231,C1
406978,B3
548075,C1
85490,B2
458453,B3
611746,D1
490111,D1
145250,C1
264799,C2
562369,C2
567342,C3
218676,D1
572833,B3
548652,C3
354122,E2
256792,D1
146773,C2
55683,D1
271525,D1
609676,C3
40613,B3
260718,C2
475259,D1
36481,C2
58647,C1
21681,C1
231988,D1
93390,C3
342331,D1
606669,C2
373848,C2
196970,D1
659884,C1
593106,C2
39629,D1
40524,C3
647495,F
353565,A3
81464,C1
532180,A3
246,B2
439140,C3
646232,C3
370217,A2
79290,C1
256938,B3
124306,D1
133921,C3
312392,D1
557070,D1
265599,C2
566437,E2
408284,C2
624043,B3
565633,C3
253137,A3
283798,D1
418478,C1
263487,D1
576093,C1
513732,C3
20827,B2
381285,C2
544066,D1
640044,C1
291566,B1
510866,D1
450062,C3
497748,A2
500265,C1
459491,B3
658796,D1
344953,B2
581256,D1
642401,D1
68699,C2
582511,F
594390,C3
268020,C3
566136,C1
642532,B1
273229,D1
157393,C2
557521,C2
47916,C1
514987,E2
164587,C2
172807,C2
512892,A3
595824,E1
613192,D1
180641,C2
212834,C2
604760,E1
627061,E1
549917,C3
478853,C1
253180,C2
143698,D1
526516,D1
317454,D1
267343,C3
600994,C3
582467,C2
41044,B3
598280,C2
417706,C2
43915,C2
288415,C3
246874,C1
99289,D1
416329,C2
358797,C2
37281,E2
304948,D1
317436,E1
78737,D1
264099,B3
313695,E2
28357,C2
312477,D1
463421,C3
156623,E2
38173,B3
442709,E2
74857,D1
632787,B1
321729,C3
302637,C1
226851,C3
537024,C2
83550,D1
255744,C2
258606,D1
10004,B2
167648,C3
119421,E1
627193,E1
211283,D1
494096,C1
451068,D1
539133,C3
564571,D1
294520,C1
573982,A2
501680,C2
577945,G
159439,D1
435265,D1
477733,D1
312881,C3
318966,E1
425553,D1
431565,D1
443501,D1
168918,C2
296389,F
235025,D1
66977,F
629186,D1
401037,A2
45552,E1
343789,D1
52605,F
535479,D1
328195,C2
192570,E1
496237,B3
309801,B3
202966,C3
6423,C1
3967,B3
417009,E2
400388,E1
402828,D1
149836,C2
131094,B3
546481,C3
549472,C3
384627,B3
328557,D1
545801,F
186211,C1
111834,D1
66489,C3
485237,C2
337319,D1
499961,C2
18436,B3
604345,C3
511686,E2
549409,B3
70287,D1
113626,E1
431902,D1
363329,E1
151835,C3
628475,C3
377004,D1
635769,C1
573731,C2
55230,C1
349578,B3
288106,D1
624752,D1
447987,E1
298565,A3
139526,D1
150318,D1
207822,C2
51437,D1
601315,C2
429169,C1
221500,D1
650921,C3
89934,B2
256578,B3
297635,E2
150411,C1
565827,D1
293365,B3
27174,B3
279030,C1
494827,D1
412125,C2
134807,D1
50468,C1
331476,C2
376797,C2
636927,E2
368310,C3
597112,C2
171638,F
295122,D1
600831,C1
129805,E1
243321,E2
456065,D1
321621,E2
576665,C1
106938,C2
77267,E1
50075,C2
76292,E2
211870,D1
637421,E2
601828,C3
198571,C2
624058,C2
474117,D1
56877,E2
284589,C1
100731,B1
51704,B3
73263,C3
3461,D1
423589,D1
487710,D1
9630,D1
157863,D1
275239,D1
202728,E1
399567,D1
284249,C1
379034,D1
425488,C2
269431,A3
161410,C3
488316,C3
383711,E1
506582,F
512092,E2
202201,C2
588135,A3
110638,C2
368261,C2
170563,C2
53909,E2
289354,C1
101974,C3
36758,B3
546157,D1
81263,C3
187386,C3
346150,D1
622395,D1
400569,C1
533386,C1
143908,C1
581823,D1
632247,C1
387289,C3
15800,C1
452603,C1
581078,D1
132081,C2
435928,C2
319019,C3
248501,D1
70321,C1
414964,F
199407,B3
285628,C3
562943,D1
189554,C3
523920,C3
563448,C3
435821,D1
390638,C2
143302,E1
50097,C1
417474,C3
485418,D1
170589,C2
125633,C3
468918,C2
458996,C2
67838,D1
446474,C3
303643,C3
478568,D1
508317,C2
501743,D1
197271,C3
233921,C1
311926,D1
16837,C2
377373,C2
501373,C1
182708,C3
87288,B2
3200,C3
247400,C1
602923,E2
614834,B3
482131,C2
287596,D1
300322,D1
306401,B3
318715,E1
627609,B1
539906,E1
100159,C2
352767,C1
302577,C2
434540,F
408695,C1
293954,C3
371546,D1
479206,C2
4700,C3
18619,C3
25693,E1
610208,E2
586762,C3
471268,C1
296157,D1
89374,E2
243687,C1
71609,B3
162556,C2
621644,B1
334503,B2
98099,D1
106080,E2
509368,D1
296898,D1
275376,C3
236571,F
169985,C1
432125,D1
234921,D1
512923,C2
197903,D1
647964,C3
563956,E2
31328,C3
137903,C2
622211,C3
15084,B3
203315,D1
2981,B2
541347,E1
520976,D1
657621,C3
606234,D1
386636,E1
395027,C1
339266,C1
538192,C2
124089,E1
362621,C1
224271,C2
82849,C1
477845,E1
179555,E1
65249,D1
63384,D1
173051,E1
179622,D1
663491,B1
577076,E2
551556,C2
50959,D1
601048,C2
520267,D1
216946,E1
390637,C2
570885,B3
618049,C3
360091,D1
430627,E2
410678,D1
216221,D1
229157,D1
555419,C3
574587,D1
23908,C1
458422,C2
647093,D1
184466,C3
179108,D1
481686,C2
270335,F
188969,C2
335009,C1
83764,E1
550055,C1
312513,D1
387486,C2
419260,D1
489873,D1
77435,D1
473687,D1
14011,F
254789,D1
295711,C1
401478,D1
349659,B1
469076,C3
343786,C2
303980,C1
137655,E2
356779,C2
385316,E1
636270,D1
148496,C2
137281,C1
477093,C1
496224,D1
192013,C3
269583,C3
659986,B1
417161,C1
196011,C3
199507,D1
288060,C2
568827,C1
529442,F
400146,C3
67504,C2
400683,C2
199660,D1
552492,F
274800,C1
56375,D1
337874,C1
622318,D1
213666,E1
540960,D1
627868,E1
580453,C2
49459,D1
53215,B3
121051,D1
422051,F
545628,B1
136753,C3
33505,C1
399976,B1
210628,D1
508694,D1
545146,A2
32913,E2
303535,D1
301314,B3
602782,E1
470003,C2
619787,B3
167844,B3
463995,C1
23016,C3
451990,C3
120257,B3
543931,C1
198906,C2
33748,B3
323546,E1
157195,F
623718,C1
504411,C3
620091,B2
38710,E1
565346,C1
197846,C3
100058,B2
67669,C2
39323,D1
12478,C2
643154,C1
69661,C1
172207,C1
149499,C1
106914,E2
128787,C1
284666,C1
562336,D1
338606,D1
265340,D1
156524,D1
636858,C2
231829,D1
586025,C1
308406,D1
204937,D1
517596,C2
376656,D1
254404,B2
358782,C1
407893,E1
123706,C1
525956,C3
551283,C3
220662,C3
421628,D1
362864,B3
81624,C1
243801,C3
401357,D1
611908,C2
272360,E1
225449,E2
398287,C3
392240,C1
290817,C3
59371,C2
342774,C2
297662,C2
340126,D1
246699,C2
154899,C3
580734,E2
202686,C3
318326,B3
593839,C2
589332,C2
298843,D1
348896,E1
525738,C2
607392,C2
546,B2
311213,D1
278100,B3
633841,C2
115368,B3
561209,D1
257693,C3
222391,C1
559648,D1
133724,C2
248924,D1
242925,C3
235495,F
253016,A3
12801,B3
180847,E1
420216,C3
362711,B1
407595,C3
116594,D1
49825,C2
369737,E1
9574,C1
365258,C3
225006,C3
80279,E2
485633,F
552705,E2
504144,C2
195064,D1
160895,C2
418050,D1
316821,D1
81650,D1
54860,E1
276147,E1
548111,B3
420277,C1
222031,C3
336606,C2
380284,B3
656057,F
421425,C1
261721,E2
391918,E1
341941,C2
354732,D1
652764,B3
450398,E1
218658,C2
528189,D1
482227,C2
50409,B3
208378,E1
634558,C1
151632,E2
117596,C1
173392,C2
553826,E2
58679,D1
591575,C2
641771,E2
400012,D1
36147,C3
587837,D1
600174,A2
497451,D1
395537,C3
455366,D1
199830,D1
99669,C1
242754,D1
593879,B3
432370,D1
293105,C3
106755,F
224774,C2
414272,E1
485737,A2
253326,C1
217029,D1
20761,F
647889,C3
496937,D1
527808,C1
235512,C3
277445,C3
531352,C1
191811,C2
285053,D1
332743,D1
625304,C2
209232,C1
350586,C2
204518,C1
128667,C3
7630,D1
551550,D1
263895,B3
138933,D1
361143,C2
637685,A2
153322,C1
181065,E1
604666,C3
20822,B3
518515,D1
576709,C3
68088,D1
284060,C2
294716,D1
27584,D1
445343,E1
122000,B3
54963,E1
432105,F
515917,D1
330123,C2
78391,D1
285704,E2
231,B2
618116,D1
534913,C2
622393,C3
98067,B3
469011,D1
523758,B3
164579,E1
186814,C3
319794,C3
392461,B3
30032,B3
269349,B3
142506,E1
299021,E1
370815,C2
623976,E1
548425,C2
23821,D1
162204,C1
162105,D1
100337,C1
556289,C2
517706,D1
456572,C2
404070,D1
475216,C3
617637,D1
515249,C1
14566,D1
501847,C3
485469,D1
610687,C1
56718,C2
238557,D1
7317,C1
470832,C3
555615,C1
189478,C2
344779,D1
182027,D1
471579,C3
27812,B2
623146,F
599408,A1
458431,C2
183184,E2
257663,C2
246588,B3
141349,E1
432670,E2
607306,B3
204420,C3
76395,B3
96936,C3
13881,B3
306403,B2
236485,E1
614668,D1
159648,C3
544107,C3
103523,C3
147412,C3
314612,D1
258622,D1
387654,E2
549172,F
483539,E1
237928,C3
225486,C2
334529,C2
650992,A1
586634,C1
295651,D1
443001,D1
656620,C1
14600,C3
515429,G
576282,D1
451394,E2
653499,C1
20940,C2
293020,D1
604720,C2
344918,F
575709,C3
590056,B3
65428,D1
185418,D1
183816,C3
175312,C2
140384,D1
201644,D1
327493,C2
78383,B1
228307,D1
458744,C2
302696,B1
523572,C3
418077,B3
80662,E2
649519,B2
495690,B3
439257,D1
639903,C2
167117,D1
404833,F
149494,C1
404190,C2
278447,E1
392857,C3
29752,D1
592487,C3
87879,C1
527511,C2
433403,B3
109354,C2
208565,F
436049,E1
229406,D1
516463,D1
292499,C2
245560,D1
554747,D1
524684,C1
247488,D1
35433,F
569473,D1
159306,C2
50750,C3
55419,C2
417676,D1
93143,E1
207691,B3
656585,D1
625774,E1
294999,B3
541564,A2
318607,D1
587418,D1
541569,C2
111759,B1
486582,C2
550044,D1
421537,B3
142963,B2
26278,B3
424425,D1
249414,D1
379441,C1
609653,D1
594822,C1
24224,C3
602041,C3
439579,D1
374201,E1
544187,D1
278459,C2
35527,E2
467702,C2
313205,C2
641636,E1
629026,C1
557784,D1
578884,A3
314142,D1
134792,C2
196982,C1
262025,B3
264609,D1
329793,C3
78145,F
90544,D1
174115,C3
142525,C3
451994,B3
322074,D1
194909,D1
522771,A2
641736,G
357058,C3
545799,E2
412633,C3
173118,E2
267326,C3
401490,E1
27029,C1
210437,C1
168665,D1
16511,B1
13359,C2
223085,C2
132797,C2
10631,C1
300417,D1
52956,E2
454499,D1
486599,C3
364008,C3
137685,D1
396501,C2
413121,C2
589289,C1
442660,C3
601898,D1
209589,D1
495582,D1
540762,E2
484050,C2
82314,G
494243,B2
543605,A2
518138,D1
210920,C3
162113,D1
138667,E1
573538,C3
647047,F
409481,E2
216566,B1
565851,B3
321688,E2
231969,C1
207472,C2
251138,C3
634834,D1
54519,B3
655390,C2
449515,D1
191545,C1
148827,C3
38843,C1
556175,D1
190278,C3
500780,D1
297077,D1
572971,B3
291358,C1
3858,C3
170850,E2
123032,D1
447993,C2
214762,D1
324898,D1
143497,D1
165934,C1
413682,C2
189880,D1
28169,C1
99815,C2
138763,C1
531194,C1
557223,C1
472357,D1
115150,B3
495218,C3
115226,D1
166516,B3
184073,C1
46360,B2
147114,C3
95500,C1
260419,C1
487077,E1
552995,D1
540111,C2
111933,B1
84894,B3
614873,E1
421278,C1
582307,D1
210844,F
231154,F
493578,C1
36748,E1
473378,E1
658879,C1
233651,C2
232558,C3
509472,E1
2282,B2
22618,D1
503262,F
503466,D1
405502,B3
645085,C2
66164,B2
48203,E1
560105,C2
275294,C3
466317,B3
347646,B3
131697,C2
32933,F
650782,C1
235175,D1
370767,E2
573054,D1
287015,D1
244122,C2
490598,D1
475777,D1
243261,D1
375040,C1
591879,C3
375597,D1
632494,D1
602185,D1
31758,E1
396192,D1
34023,D1
617665,C2
170744,D1
257652,E2
256283,D1
259253,C3
64886,D1
172995,C3
172101,C3
147239,B2
106556,C1
532847,F
631091,C3
239334,C3
616560,D1
224474,C1
433539,C1
123510,D1
240991,E1
660320,B3
77758,C2
647512,E1
604605,C1
52128,D1
589835,C3
522302,D1
578423,B3
237234,D1
94459,C2
176420,D1
416771,E1
621088,F
575207,D1
427233,D1
164747,D1
47499,B2
564202,C3
516061,C2
310464,C2
638134,F
584779,B2
636402,C3
197861,C3
539844,E2
157010,C3
360497,D1
402336,C1
16074,C3
556424,B2
567672,C1
495414,E1
311959,B3
549973,D1
383447,B3
278898,C2
536092,A2
507506,C2
569151,B2
545042,B1
96457,C1
462743,B2
572011,C1
589839,C2
602277,C2
304242,D1
68739,D1
265395,B3
195188,C3
551407,C2
452630,B3
102866,C2
240389,D1
592029,B1
598020,C3
534687,C1
157785,C2
254576,C3
269814,C3
248245,C2
502131,C1
165296,C1
324435,C3
56549,B2
223177,C3
504624,B3
553480,D1
62057,C2
57567,D1
524500,D1
248252,D1
446685,F
69389,D1
363053,F
261261,B2
254131,C3
105108,D1
310897,F
332262,C2
576542,D1
240756,C3
275016,C3
273979,C2
17840,C3
651031,D1
454747,C3
650433,E1
522209,E1
228519,D1
95105,B2
411513,C2
273012,C3
52010,E1
519099,C2
63605,B3
123345,C2
548947,C1
605450,C1
370944,D1
294361,E1
461294,D1
254906,D1
639488,B3
518365,F
177238,C3
223418,E2
545998,D1
409672,C3
414071,E1
228529,B3
137186,C2
480735,B1
176906,C2
331037,C2
563701,C1
102473,C2
214313,C2
1200,C2
498841,C1
488250,C2
556754,C2
4155,C2
84619,D1
514016,C1
366618,C3
86222,D1
144137,E1
359361,B1
495596,C3
230058,C3
258384,C1
332270,C2
574811,D1
508132,C3
590582,C1
628881,C1
12213,C3
491506,C2
452465,C2
502660,E1
184777,C1
597619,E1
385657,E1
227994,C3
235168,C3
53125,E1
332948,C2
372775,D1
587346,C2
400503,C2
526827,A2
520704,E2
377594,E1
221538,D1
353251,C1
611886,D1
258590,B3
100601,D1
47724,B2
456361,E1
242098,C2
12290,D1
532998,C2
130110,D1
154119,D1
647959,D1
29992,B3
643661,C2
330288,C3
15192,D1
92613,B3
622494,D1
171319,C1
496332,B3
402670,C2
153308,C2
551409,B2
109890,C2
156898,C2
145240,D1
476957,C3
65634,E2
232400,C1
314439,D1
14616,C2
96470,D1
503386,B3
243885,C2
494975,C1
324272,C3
513383,C1
490763,F
628560,C3
287666,C1
597564,D1
179102,C3
315434,C3
428928,C1
216219,C2
178606,C3
506578,C1
434261,C2
498224,C3
507868,B3
209593,D1
209939,D1
650441,D1
361748,C2
509299,D1
507267,A3
197360,C3
219869,E2
429948,B3
558073,C2
53161,C2
619741,D1
356315,F
524077,A3
379609,D1
507365,E2
277713,B1
316065,D1
299778,C2
230662,C1
579033,C1
576293,E1
119883,D1
322103,C1
484636,C2
227632,D1
471388,F
645057,D1
470818,C1
22161,B2
550327,D1
437003,C2
540839,C2
302244,D1
631610,C1
619724,D1
123669,F
442670,D1
274903,C1
586543,F
116952,D1
418410,C1
536419,D1
203197,C1
148263,C3
510576,F
505073,D1
205579,D1
646344,E2
14637,D1
566814,C2
83158,D1
498073,E2
214738,C1
526903,E1
333803,C2
32982,D1
529793,D1
21492,D1
127017,E1
174993,B3
228167,C3
572677,C1
330869,C1
432788,C1
421179,F
367436,E2
167741,C2
660603,D1
127885,A3
376922,C1
651364,C3
349885,C3
434953,A2
53223,D1
27108,C1
191205,D1
655091,C2
89595,D1
274764,D1
297055,C3
373728,D1
447182,D1
156030,D1
101999,C3
603469,E2
195928,D1
613225,C1
550530,B3
574149,D1
302002,B2
309616,D1
424161,D1
2544,C2
516032,C1
74798,B2
594168,D1
622219,E2
459661,D1
125364,C2
501152,D1
325594,C3
550697,D1
635471,D1
576493,B3
326779,C2
454095,D1
213495,D1
228857,D1
82304,C3
54116,B3
102017,D1
554221,F
279822,B3
278972,E1
74727,E2
394185,C3
284387,E1
172342,C1
390925,A3
353464,B3
502919,D1
618143,C3
105651,E1
233740,C1
233412,D1
655451,D1
588557,C1
304633,C1
496510,C3
475687,D1
587007,B1
632001,C3
647041,C2
97638,D1
121514,D1
319120,C2
337347,C2
541717,C2
186529,C1
464170,D1
74608,E1
360876,B3
347692,D1
18490,C1
20211,B1
632177,E1
319488,C2
210271,F
94069,D1
558951,C2
500930,D1
457447,C2
244212,C3
302836,C3
383049,C3
337912,D1
260048,E1
175604,E1
111625,B3
148503,F
133827,D1
75149,C1
110245,D1
529170,D1
451712,C3
483550,C1
319147,B3
452661,C2
274462,E1
165164,C1
561637,F
546556,D1
516604,E1
646756,B3
243004,C1
124796,E1
634045,E1
106965,D1
487696,C2
437715,B2
430429,D1
69366,C3
552736,D1
550940,E2
450687,C1
338836,C1
218020,E1
660745,C1
258780,C2
70597,C3
518964,C1
139582,C3
631457,E1
656382,B3
115032,E2
411572,D1
194269,E1
370395,B2
125093,B3
642761,C1
432736,C2
586060,D1
445037,E2
520488,D1
522600,C3
296764,D1
36193,B1
291603,D1
577898,E1
350582,D1
308799,C3
205384,D1
463269,D1
638511,C2
35229,B2
206156,D1
395545,E2
45061,D1
460190,C3
108496,D1
369869,C3
334044,E1
246089,B3
404692,F
578817,E1
562298,C3
501338,D1
418782,C1
261101,C2
346620,B1
244377,B3
383893,D1
137531,E1
207086,D1
536846,C3
643137,C1
625313,C1
470855,D1
138947,C3
345002,C3
363604,D1
565197,C2
167770,C1
173637,C3
590256,D1
551568,D1
373734,E1
528977,D1
247087,C2
512274,D1
40890,E1
511183,C2
434174,E1
313461,C1
321510,D1
33069,C3
381647,D1
38191,B1
517130,B3
442023,B3
166700,F
309863,C3
197434,D1
331355,C2
155218,C2
227450,D1
196669,C3
243098,D1
71266,D1
51045,B2
319336,D1
225441,E2
397854,C1
245690,C3
591102,C2
4378,D1
159430,B3
358116,C2
312530,D1
86905,C2
640847,F
632858,C3
66614,D1
580030,E2
422678,C3
317795,E1
240029,C3
897,C2
147678,D1
225203,C1
457501,C2
399131,A1
329735,C2
265611,D1
401405,C2
625136,F
565650,B3
302071,C3
630520,C3
362685,C3
331034,F
279408,C2
73681,D1
428953,D1
562814,B3
566807,D1
24723,C2
516169,C1
540431,C2
495495,C1
343188,D1
532252,A2
422798,E1
524282,F
386353,C1
340899,D1
463248,F
121357,D1
455558,D1
192770,D1
251195,D1
644384,B3
197671,C1
657403,C2
364576,D1
240446,D1
458836,C1
420655,E2
616127,C3
157263,D1
243175,D1
559397,F
569352,D1
310275,D1
88351,C3
495071,C1
637080,B3
103913,D1
163960,C2
579270,D1
429099,D1
170139,C3
489703,D1
187916,C2
594322,C2
560685,C2
321926,C2
185379,D1
298627,C1
265591,A3
620653,C3
5149,C1
320743,D1
419646,D1
660047,C2
485238,C2
417953,E1
571169,D1
542999,E1
639464,C3
88016,D1
235953,F
287319,F
538293,D1
243386,B3
382444,C2
116687,B1
515449,C1
323425,C2
368062,C1
28586,B3
543569,C3
299125,D1
252284,E1
328914,D1
219076,B3
15665,C3
596700,C3
110778,C2
77084,D1
417534,B3
531381,A3
609015,F
485162,D1
242393,C2
49677,D1
288514,C2
621842,C2
106135,B3
42849,D1
201761,D1
165364,C3
409645,C3
164405,D1
557264,D1
527048,B3
387032,D1
527004,D1
250607,C3
225709,D1
209596,C3
109787,B1
315705,D1
393948,C3
373447,D1
651915,C3
457419,B2
637868,C3
566605,C2
195397,C3
450455,C1
208569,C3
162124,E1
600885,A2
46175,C2
213384,C3
663016,C2
464619,F
70879,F
61387,B1
520290,C2
178034,D1
53884,B1
538651,D1
659453,E2
370111,C1
71448,C2
51325,C1
660090,C1
414372,D1
2472,D1
73581,D1
183448,C3
640315,D1
224924,C2
587924,C1
1591,B3
184978,D1
244879,E1
632783,E1
283454,C3
153807,C2
465976,D1
470018,D1
294550,C2
615012,F
512219,E1
625392,C3
323922,C3
252430,C3
79510,C3
487521,B3
463356,B2
472205,D1
22250,C3
139376,D1
131898,E2
355693,B3
325577,B3
352040,D1
206133,C2
368404,C1
400765,D1
56180,D1
425953,D1
11630,D1
432639,C2
566239,A2
435478,B1
77570,E1
272759,C3
555288,D1
38203,D1
118038,B3
619058,C1
460455,D1
18312,B3
152422,D1
384437,D1
468488,C3
427701,E1
396347,A2
334641,E1
312071,D1
45983,C2
604961,C2
10357,D1
447525,C1
192380,D1
38840,E1
333971,C1
662632,E1
512084,C2
356186,C1
121819,C3
92290,C3
288916,C3
116771,C2
529248,C1
572130,C2
275080,D1
601715,C3
535459,C1
326061,B2
7861,C2
280337,E1
218333,D1
387431,C1
78759,D1
107942,D1
349055,C2
513443,E1
561176,D1
658639,D1
149606,C1
549156,E2
161758,C2
22324,D1
597936,E1
14595,E2
57450,C1
75925,C3
205930,C2
404124,D1
580804,C3
417915,E1
157087,C1
427376,D1
631317,B1
368473,D1
489278,D1
238550,C3
121231,D1
285936,B3
651869,D1
463243,B3
255773,C3
106065,C2
115124,C1
119670,C3
143079,E2
15440,C1
158592,D1
646907,C3
556149,E1
479386,E2
491601,A2
371009,C3
513226,C3
169581,D1
519715,C2
60895,C3
560011,C3
628795,F
429811,C2
150183,C2
377974,E1
269795,C3
512717,A2
269369,D1
592936,C2
250465,C1
225889,D1
626286,C2
593988,G
431766,E2
193688,D1
363728,C2
653563,E2
189196,D1
152294,C2
597945,C2
93731,G
294441,E1
176973,B3
566087,D1
317944,D1
153305,B1
493908,E2
274934,C3
419365,D1
524923,C3
263865,B3
45685,D1
166371,C3
459439,C3
189875,D1
557479,A2
219209,C2
476410,B3
331525,C3
630499,D1
487632,E2
593082,B3
661093,B1
618278,C2
501615,E2
604655,E2
238291,D1
495963,B3
349054,C3
61732,B1
271401,G
653670,C2
607643,B2
273046,C3
549522,D1
111379,C3
133170,E1
449974,C2
649711,C3
206363,D1
248078,D1
552030,E1
110876,D1
310873,C3
561197,E2
576848,A2
320786,D1
323764,C2
273730,B2
36186,B1
659586,C3
521197,F
149544,C1
21566,B2
109383,D1
95427,C1
378196,B3
205489,D1
587214,C3
47542,C3
235546,C3
378962,E1
128537,C1
73144,C2
540637,A2
104757,C2
577291,D1
241715,D1
638242,D1
659395,C2
78033,C3
158973,C1
403995,C3
382206,C3
428613,E2
196239,C3
437697,C3
426173,C2
362490,D1
292803,E2
199995,F
627360,D1
588080,B3
451288,D1
403391,D1
151063,D1
644643,B1
329022,C2
362510,E2
249027,C2
142041,B3
110801,D1
